
car1.elf:     file format elf32-avr

Sections:
Idx Name          Size      VMA       LMA       File off  Algn
  0 .data         0000004e  00800100  0000170e  000017a2  2**0
                  CONTENTS, ALLOC, LOAD, DATA
  1 .text         0000170e  00000000  00000000  00000094  2**1
                  CONTENTS, ALLOC, LOAD, READONLY, CODE
  2 .bss          00000025  0080014e  0080014e  000017f0  2**0
                  ALLOC
  3 .comment      0000005c  00000000  00000000  000017f0  2**0
                  CONTENTS, READONLY
  4 .note.gnu.avr.deviceinfo 00000040  00000000  00000000  0000184c  2**2
                  CONTENTS, READONLY
  5 .debug_aranges 000000d8  00000000  00000000  0000188c  2**0
                  CONTENTS, READONLY, DEBUGGING
  6 .debug_info   00001468  00000000  00000000  00001964  2**0
                  CONTENTS, READONLY, DEBUGGING
  7 .debug_abbrev 00000add  00000000  00000000  00002dcc  2**0
                  CONTENTS, READONLY, DEBUGGING
  8 .debug_line   00000999  00000000  00000000  000038a9  2**0
                  CONTENTS, READONLY, DEBUGGING
  9 .debug_frame  00000244  00000000  00000000  00004244  2**2
                  CONTENTS, READONLY, DEBUGGING
 10 .debug_str    00000602  00000000  00000000  00004488  2**0
                  CONTENTS, READONLY, DEBUGGING
 11 .debug_loc    00000bf8  00000000  00000000  00004a8a  2**0
                  CONTENTS, READONLY, DEBUGGING
 12 .debug_ranges 000000a8  00000000  00000000  00005682  2**0
                  CONTENTS, READONLY, DEBUGGING

Disassembly of section .text:

00000000 <__vectors>:
       0:	0c 94 b5 00 	jmp	0x16a	; 0x16a <__ctors_end>
       4:	0c 94 d2 00 	jmp	0x1a4	; 0x1a4 <__bad_interrupt>
       8:	0c 94 d2 00 	jmp	0x1a4	; 0x1a4 <__bad_interrupt>
       c:	0c 94 d2 00 	jmp	0x1a4	; 0x1a4 <__bad_interrupt>
      10:	0c 94 d2 00 	jmp	0x1a4	; 0x1a4 <__bad_interrupt>
      14:	0c 94 d2 00 	jmp	0x1a4	; 0x1a4 <__bad_interrupt>
      18:	0c 94 d2 00 	jmp	0x1a4	; 0x1a4 <__bad_interrupt>
      1c:	0c 94 5f 01 	jmp	0x2be	; 0x2be <__vector_7>
      20:	0c 94 d2 00 	jmp	0x1a4	; 0x1a4 <__bad_interrupt>
      24:	0c 94 d2 00 	jmp	0x1a4	; 0x1a4 <__bad_interrupt>
      28:	0c 94 d2 00 	jmp	0x1a4	; 0x1a4 <__bad_interrupt>
      2c:	0c 94 d2 00 	jmp	0x1a4	; 0x1a4 <__bad_interrupt>
      30:	0c 94 d2 00 	jmp	0x1a4	; 0x1a4 <__bad_interrupt>
      34:	0c 94 d2 00 	jmp	0x1a4	; 0x1a4 <__bad_interrupt>
      38:	0c 94 d2 00 	jmp	0x1a4	; 0x1a4 <__bad_interrupt>
      3c:	0c 94 d2 00 	jmp	0x1a4	; 0x1a4 <__bad_interrupt>
      40:	0c 94 d2 00 	jmp	0x1a4	; 0x1a4 <__bad_interrupt>
      44:	0c 94 d2 00 	jmp	0x1a4	; 0x1a4 <__bad_interrupt>
      48:	0c 94 d2 00 	jmp	0x1a4	; 0x1a4 <__bad_interrupt>
      4c:	0c 94 d2 00 	jmp	0x1a4	; 0x1a4 <__bad_interrupt>
      50:	0c 94 d2 00 	jmp	0x1a4	; 0x1a4 <__bad_interrupt>
      54:	0c 94 d2 00 	jmp	0x1a4	; 0x1a4 <__bad_interrupt>
      58:	0c 94 d2 00 	jmp	0x1a4	; 0x1a4 <__bad_interrupt>
      5c:	0c 94 d2 00 	jmp	0x1a4	; 0x1a4 <__bad_interrupt>
      60:	0c 94 d2 00 	jmp	0x1a4	; 0x1a4 <__bad_interrupt>
      64:	0c 94 d2 00 	jmp	0x1a4	; 0x1a4 <__bad_interrupt>

00000068 <__trampolines_end>:
      68:	6e 61       	ori	r22, 0x1E	; 30
      6a:	6e 00       	.word	0x006e	; ????

0000006c <__c.2332>:
      6c:	69 6e 66 00 00 40 7a 10 f3 5a 00 a0 72 4e 18 09     inf..@z..Z..rN..
      7c:	00 10 a5 d4 e8 00 00 e8 76 48 17 00 00 e4 0b 54     ........vH.....T
      8c:	02 00 00 ca 9a 3b 00 00 00 e1 f5 05 00 00 80 96     .....;..........
      9c:	98 00 00 00 40 42 0f 00 00 00 a0 86 01 00 00 00     ....@B..........
      ac:	10 27 00 00 00 00 e8 03 00 00 00 00 64 00 00 00     .'..........d...
      bc:	00 00 0a 00 00 00 00 00 01 00 00 00 00 00 2c 76     ..............,v
      cc:	d8 88 dc 67 4f 08 23 df c1 df ae 59 e1 b1 b7 96     ...gO.#....Y....
      dc:	e5 e3 e4 53 c6 3a e6 51 99 76 96 e8 e6 c2 84 26     ...S.:.Q.v.....&
      ec:	eb 89 8c 9b 62 ed 40 7c 6f fc ef bc 9c 9f 40 f2     ....b.@|o.....@.
      fc:	ba a5 6f a5 f4 90 05 5a 2a f7 5c 93 6b 6c f9 67     ..o....Z*.\.kl.g
     10c:	6d c1 1b fc e0 e4 0d 47 fe f5 20 e6 b5 00 d0 ed     m......G.. .....
     11c:	90 2e 03 00 94 35 77 05 00 80 84 1e 08 00 00 20     .....5w........ 
     12c:	4e 0a 00 00 00 c8 0c 33 33 33 33 0f 98 6e 12 83     N......3333..n..
     13c:	11 41 ef 8d 21 14 89 3b e6 55 16 cf fe e6 db 18     .A..!..;.U......
     14c:	d1 84 4b 38 1b f7 7c 1d 90 1d a4 bb e4 24 20 32     ..K8..|......$ 2
     15c:	84 72 5e 22 81 00 c9 f1 24 ec a1 e5 3d 27           .r^"....$...='

0000016a <__ctors_end>:
     16a:	11 24       	eor	r1, r1
     16c:	1f be       	out	0x3f, r1	; 63
     16e:	cf ef       	ldi	r28, 0xFF	; 255
     170:	d8 e0       	ldi	r29, 0x08	; 8
     172:	de bf       	out	0x3e, r29	; 62
     174:	cd bf       	out	0x3d, r28	; 61

00000176 <__do_copy_data>:
     176:	11 e0       	ldi	r17, 0x01	; 1
     178:	a0 e0       	ldi	r26, 0x00	; 0
     17a:	b1 e0       	ldi	r27, 0x01	; 1
     17c:	ee e0       	ldi	r30, 0x0E	; 14
     17e:	f7 e1       	ldi	r31, 0x17	; 23
     180:	02 c0       	rjmp	.+4      	; 0x186 <__do_copy_data+0x10>
     182:	05 90       	lpm	r0, Z+
     184:	0d 92       	st	X+, r0
     186:	ae 34       	cpi	r26, 0x4E	; 78
     188:	b1 07       	cpc	r27, r17
     18a:	d9 f7       	brne	.-10     	; 0x182 <__do_copy_data+0xc>

0000018c <__do_clear_bss>:
     18c:	21 e0       	ldi	r18, 0x01	; 1
     18e:	ae e4       	ldi	r26, 0x4E	; 78
     190:	b1 e0       	ldi	r27, 0x01	; 1
     192:	01 c0       	rjmp	.+2      	; 0x196 <.do_clear_bss_start>

00000194 <.do_clear_bss_loop>:
     194:	1d 92       	st	X+, r1

00000196 <.do_clear_bss_start>:
     196:	a3 37       	cpi	r26, 0x73	; 115
     198:	b2 07       	cpc	r27, r18
     19a:	e1 f7       	brne	.-8      	; 0x194 <.do_clear_bss_loop>
     19c:	0e 94 8d 03 	call	0x71a	; 0x71a <main>
     1a0:	0c 94 85 0b 	jmp	0x170a	; 0x170a <_exit>

000001a4 <__bad_interrupt>:
     1a4:	0c 94 00 00 	jmp	0	; 0x0 <__vectors>

000001a8 <driveForward>:

void stop() {
	digitalWrite(6, 0);  // LOW
	digitalWrite(11, 0); // LOW
	digitalWrite(5, 0);  // LOW
	digitalWrite(9, 0);  // LOW
     1a8:	cf 93       	push	r28
     1aa:	df 93       	push	r29
     1ac:	c8 2f       	mov	r28, r24
     1ae:	d9 2f       	mov	r29, r25
     1b0:	87 bd       	out	0x27, r24	; 39
     1b2:	60 e0       	ldi	r22, 0x00	; 0
     1b4:	8a e0       	ldi	r24, 0x0A	; 10
     1b6:	0e 94 84 01 	call	0x308	; 0x308 <digitalWrite>
     1ba:	60 e0       	ldi	r22, 0x00	; 0
     1bc:	85 e0       	ldi	r24, 0x05	; 5
     1be:	0e 94 84 01 	call	0x308	; 0x308 <digitalWrite>
     1c2:	8c 2f       	mov	r24, r28
     1c4:	9d 2f       	mov	r25, r29
     1c6:	90 93 89 00 	sts	0x0089, r25	; 0x800089 <__TEXT_REGION_LENGTH__+0x7f8089>
     1ca:	80 93 88 00 	sts	0x0088, r24	; 0x800088 <__TEXT_REGION_LENGTH__+0x7f8088>
     1ce:	df 91       	pop	r29
     1d0:	cf 91       	pop	r28
     1d2:	08 95       	ret

000001d4 <driveRight>:
     1d4:	0f 93       	push	r16
     1d6:	1f 93       	push	r17
     1d8:	cf 93       	push	r28
     1da:	df 93       	push	r29
     1dc:	8c 01       	movw	r16, r24
     1de:	60 e0       	ldi	r22, 0x00	; 0
     1e0:	86 e0       	ldi	r24, 0x06	; 6
     1e2:	0e 94 84 01 	call	0x308	; 0x308 <digitalWrite>
     1e6:	c8 e8       	ldi	r28, 0x88	; 136
     1e8:	d0 e0       	ldi	r29, 0x00	; 0
     1ea:	19 83       	std	Y+1, r17	; 0x01
     1ec:	08 83       	st	Y, r16
     1ee:	60 e0       	ldi	r22, 0x00	; 0
     1f0:	85 e0       	ldi	r24, 0x05	; 5
     1f2:	0e 94 84 01 	call	0x308	; 0x308 <digitalWrite>
     1f6:	19 83       	std	Y+1, r17	; 0x01
     1f8:	08 83       	st	Y, r16
     1fa:	df 91       	pop	r29
     1fc:	cf 91       	pop	r28
     1fe:	1f 91       	pop	r17
     200:	0f 91       	pop	r16
     202:	08 95       	ret

00000204 <driveLeft>:
     204:	cf 93       	push	r28
     206:	c8 2f       	mov	r28, r24
     208:	60 e0       	ldi	r22, 0x00	; 0
     20a:	8b e0       	ldi	r24, 0x0B	; 11
     20c:	0e 94 84 01 	call	0x308	; 0x308 <digitalWrite>
     210:	c7 bd       	out	0x27, r28	; 39
     212:	60 e0       	ldi	r22, 0x00	; 0
     214:	89 e0       	ldi	r24, 0x09	; 9
     216:	0e 94 84 01 	call	0x308	; 0x308 <digitalWrite>
     21a:	c8 bd       	out	0x28, r28	; 40
     21c:	cf 91       	pop	r28
     21e:	08 95       	ret

00000220 <driveBack>:
     220:	cf 93       	push	r28
     222:	df 93       	push	r29
     224:	c8 2f       	mov	r28, r24
     226:	d9 2f       	mov	r29, r25
     228:	60 e0       	ldi	r22, 0x00	; 0
     22a:	86 e0       	ldi	r24, 0x06	; 6
     22c:	0e 94 84 01 	call	0x308	; 0x308 <digitalWrite>
     230:	c8 bd       	out	0x28, r28	; 40
     232:	8c 2f       	mov	r24, r28
     234:	9d 2f       	mov	r25, r29
     236:	90 93 8b 00 	sts	0x008B, r25	; 0x80008b <__TEXT_REGION_LENGTH__+0x7f808b>
     23a:	80 93 8a 00 	sts	0x008A, r24	; 0x80008a <__TEXT_REGION_LENGTH__+0x7f808a>
     23e:	60 e0       	ldi	r22, 0x00	; 0
     240:	89 e0       	ldi	r24, 0x09	; 9
     242:	0e 94 84 01 	call	0x308	; 0x308 <digitalWrite>
     246:	df 91       	pop	r29
     248:	cf 91       	pop	r28
     24a:	08 95       	ret

0000024c <sensorValue>:
}


float sensorValue(int pin) {
     24c:	cf 92       	push	r12
     24e:	df 92       	push	r13
     250:	ef 92       	push	r14
     252:	ff 92       	push	r15
     254:	f8 2e       	mov	r15, r24
	// generate 10-microsecond pulse to TRIG pin
	digitalWrite(13, HIGH); // Assume rightTrigPin = PB4
     256:	61 e0       	ldi	r22, 0x01	; 1
     258:	8d e0       	ldi	r24, 0x0D	; 13
     25a:	0e 94 84 01 	call	0x308	; 0x308 <digitalWrite>
	#else
		//round up by default
		__ticks_dc = (uint32_t)(ceil(fabs(__tmp)));
	#endif

	__builtin_avr_delay_cycles(__ticks_dc);
     25e:	85 e3       	ldi	r24, 0x35	; 53
     260:	8a 95       	dec	r24
     262:	f1 f7       	brne	.-4      	; 0x260 <sensorValue+0x14>
     264:	00 00       	nop
	_delay_us(10); // Simulate delayMicroseconds(10)
	digitalWrite(13, LOW);
     266:	60 e0       	ldi	r22, 0x00	; 0
     268:	8d e0       	ldi	r24, 0x0D	; 13
     26a:	0e 94 84 01 	call	0x308	; 0x308 <digitalWrite>

	// measure duration of pulse from ECHO pin
	float duration1 = pulseIn(pin, HIGH, 5000); // Assume rightEchoPin = PB5
     26e:	28 e8       	ldi	r18, 0x88	; 136
     270:	33 e1       	ldi	r19, 0x13	; 19
     272:	40 e0       	ldi	r20, 0x00	; 0
     274:	50 e0       	ldi	r21, 0x00	; 0
     276:	61 e0       	ldi	r22, 0x01	; 1
     278:	8f 2d       	mov	r24, r15
     27a:	0e 94 2a 02 	call	0x454	; 0x454 <pulseIn>
     27e:	0e 94 bd 04 	call	0x97a	; 0x97a <__floatunsisf>

	// calculate the distance
	float distance = 0.087 * duration1;
     282:	2e e0       	ldi	r18, 0x0E	; 14
     284:	3d e2       	ldi	r19, 0x2D	; 45
     286:	42 eb       	ldi	r20, 0xB2	; 178
     288:	5d e3       	ldi	r21, 0x3D	; 61
     28a:	0e 94 23 05 	call	0xa46	; 0xa46 <__mulsf3>
     28e:	6b 01       	movw	r12, r22
     290:	7c 01       	movw	r14, r24

	if (distance == 0) {
     292:	20 e0       	ldi	r18, 0x00	; 0
     294:	30 e0       	ldi	r19, 0x00	; 0
     296:	a9 01       	movw	r20, r18
     298:	0e 94 b8 04 	call	0x970	; 0x970 <__cmpsf2>
     29c:	81 11       	cpse	r24, r1
     29e:	08 c0       	rjmp	.+16     	; 0x2b0 <sensorValue+0x64>
		distance = 700;
     2a0:	0f 2e       	mov	r0, r31
     2a2:	c1 2c       	mov	r12, r1
     2a4:	d1 2c       	mov	r13, r1
     2a6:	ff e2       	ldi	r31, 0x2F	; 47
     2a8:	ef 2e       	mov	r14, r31
     2aa:	f4 e4       	ldi	r31, 0x44	; 68
     2ac:	ff 2e       	mov	r15, r31
     2ae:	f0 2d       	mov	r31, r0
	}
	return distance;
}
     2b0:	c7 01       	movw	r24, r14
     2b2:	b6 01       	movw	r22, r12
     2b4:	ff 90       	pop	r15
     2b6:	ef 90       	pop	r14
     2b8:	df 90       	pop	r13
     2ba:	cf 90       	pop	r12
     2bc:	08 95       	ret

000002be <__vector_7>:
			} else {
			return LOW;
		}
	}
	return LOW;
}
     2be:	1f 92       	push	r1
     2c0:	0f 92       	push	r0
     2c2:	0f b6       	in	r0, 0x3f	; 63
     2c4:	0f 92       	push	r0
     2c6:	11 24       	eor	r1, r1
     2c8:	8f 93       	push	r24
     2ca:	9f 93       	push	r25
     2cc:	af 93       	push	r26
     2ce:	bf 93       	push	r27
     2d0:	80 91 4e 01 	lds	r24, 0x014E	; 0x80014e <__data_end>
     2d4:	90 91 4f 01 	lds	r25, 0x014F	; 0x80014f <__data_end+0x1>
     2d8:	a0 91 50 01 	lds	r26, 0x0150	; 0x800150 <__data_end+0x2>
     2dc:	b0 91 51 01 	lds	r27, 0x0151	; 0x800151 <__data_end+0x3>
     2e0:	01 96       	adiw	r24, 0x01	; 1
     2e2:	a1 1d       	adc	r26, r1
     2e4:	b1 1d       	adc	r27, r1
     2e6:	80 93 4e 01 	sts	0x014E, r24	; 0x80014e <__data_end>
     2ea:	90 93 4f 01 	sts	0x014F, r25	; 0x80014f <__data_end+0x1>
     2ee:	a0 93 50 01 	sts	0x0150, r26	; 0x800150 <__data_end+0x2>
     2f2:	b0 93 51 01 	sts	0x0151, r27	; 0x800151 <__data_end+0x3>
     2f6:	bf 91       	pop	r27
     2f8:	af 91       	pop	r26
     2fa:	9f 91       	pop	r25
     2fc:	8f 91       	pop	r24
     2fe:	0f 90       	pop	r0
     300:	0f be       	out	0x3f, r0	; 63
     302:	0f 90       	pop	r0
     304:	1f 90       	pop	r1
     306:	18 95       	reti

00000308 <digitalWrite>:
     308:	88 30       	cpi	r24, 0x08	; 8
     30a:	e8 f4       	brcc	.+58     	; 0x346 <digitalWrite+0x3e>
     30c:	61 11       	cpse	r22, r1
     30e:	0e c0       	rjmp	.+28     	; 0x32c <digitalWrite+0x24>
     310:	4b b1       	in	r20, 0x0b	; 11
     312:	21 e0       	ldi	r18, 0x01	; 1
     314:	30 e0       	ldi	r19, 0x00	; 0
     316:	b9 01       	movw	r22, r18
     318:	02 c0       	rjmp	.+4      	; 0x31e <digitalWrite+0x16>
     31a:	66 0f       	add	r22, r22
     31c:	77 1f       	adc	r23, r23
     31e:	8a 95       	dec	r24
     320:	e2 f7       	brpl	.-8      	; 0x31a <digitalWrite+0x12>
     322:	cb 01       	movw	r24, r22
     324:	80 95       	com	r24
     326:	84 23       	and	r24, r20
     328:	8b b9       	out	0x0b, r24	; 11
     32a:	08 95       	ret
     32c:	4b b1       	in	r20, 0x0b	; 11
     32e:	21 e0       	ldi	r18, 0x01	; 1
     330:	30 e0       	ldi	r19, 0x00	; 0
     332:	b9 01       	movw	r22, r18
     334:	02 c0       	rjmp	.+4      	; 0x33a <digitalWrite+0x32>
     336:	66 0f       	add	r22, r22
     338:	77 1f       	adc	r23, r23
     33a:	8a 95       	dec	r24
     33c:	e2 f7       	brpl	.-8      	; 0x336 <digitalWrite+0x2e>
     33e:	cb 01       	movw	r24, r22
     340:	84 2b       	or	r24, r20
     342:	8b b9       	out	0x0b, r24	; 11
     344:	08 95       	ret
     346:	88 50       	subi	r24, 0x08	; 8
     348:	88 30       	cpi	r24, 0x08	; 8
     34a:	e0 f4       	brcc	.+56     	; 0x384 <digitalWrite+0x7c>
     34c:	61 11       	cpse	r22, r1
     34e:	0e c0       	rjmp	.+28     	; 0x36c <digitalWrite+0x64>
     350:	45 b1       	in	r20, 0x05	; 5
     352:	21 e0       	ldi	r18, 0x01	; 1
     354:	30 e0       	ldi	r19, 0x00	; 0
     356:	b9 01       	movw	r22, r18
     358:	02 c0       	rjmp	.+4      	; 0x35e <digitalWrite+0x56>
     35a:	66 0f       	add	r22, r22
     35c:	77 1f       	adc	r23, r23
     35e:	8a 95       	dec	r24
     360:	e2 f7       	brpl	.-8      	; 0x35a <digitalWrite+0x52>
     362:	cb 01       	movw	r24, r22
     364:	80 95       	com	r24
     366:	84 23       	and	r24, r20
     368:	85 b9       	out	0x05, r24	; 5
     36a:	08 95       	ret
     36c:	45 b1       	in	r20, 0x05	; 5
     36e:	21 e0       	ldi	r18, 0x01	; 1
     370:	30 e0       	ldi	r19, 0x00	; 0
     372:	b9 01       	movw	r22, r18
     374:	02 c0       	rjmp	.+4      	; 0x37a <digitalWrite+0x72>
     376:	66 0f       	add	r22, r22
     378:	77 1f       	adc	r23, r23
     37a:	8a 95       	dec	r24
     37c:	e2 f7       	brpl	.-8      	; 0x376 <digitalWrite+0x6e>
     37e:	cb 01       	movw	r24, r22
     380:	84 2b       	or	r24, r20
     382:	85 b9       	out	0x05, r24	; 5
     384:	08 95       	ret

00000386 <pinMode>:
     386:	88 30       	cpi	r24, 0x08	; 8
     388:	88 f5       	brcc	.+98     	; 0x3ec <pinMode+0x66>
     38a:	61 11       	cpse	r22, r1
     38c:	0e c0       	rjmp	.+28     	; 0x3aa <pinMode+0x24>
     38e:	4a b1       	in	r20, 0x0a	; 10
     390:	21 e0       	ldi	r18, 0x01	; 1
     392:	30 e0       	ldi	r19, 0x00	; 0
     394:	b9 01       	movw	r22, r18
     396:	02 c0       	rjmp	.+4      	; 0x39c <pinMode+0x16>
     398:	66 0f       	add	r22, r22
     39a:	77 1f       	adc	r23, r23
     39c:	8a 95       	dec	r24
     39e:	e2 f7       	brpl	.-8      	; 0x398 <pinMode+0x12>
     3a0:	cb 01       	movw	r24, r22
     3a2:	80 95       	com	r24
     3a4:	84 23       	and	r24, r20
     3a6:	8a b9       	out	0x0a, r24	; 10
     3a8:	08 95       	ret
     3aa:	61 30       	cpi	r22, 0x01	; 1
     3ac:	69 f4       	brne	.+26     	; 0x3c8 <pinMode+0x42>
     3ae:	4a b1       	in	r20, 0x0a	; 10
     3b0:	21 e0       	ldi	r18, 0x01	; 1
     3b2:	30 e0       	ldi	r19, 0x00	; 0
     3b4:	b9 01       	movw	r22, r18
     3b6:	02 c0       	rjmp	.+4      	; 0x3bc <pinMode+0x36>
     3b8:	66 0f       	add	r22, r22
     3ba:	77 1f       	adc	r23, r23
     3bc:	8a 95       	dec	r24
     3be:	e2 f7       	brpl	.-8      	; 0x3b8 <pinMode+0x32>
     3c0:	cb 01       	movw	r24, r22
     3c2:	84 2b       	or	r24, r20
     3c4:	8a b9       	out	0x0a, r24	; 10
     3c6:	08 95       	ret
     3c8:	4a b1       	in	r20, 0x0a	; 10
     3ca:	21 e0       	ldi	r18, 0x01	; 1
     3cc:	30 e0       	ldi	r19, 0x00	; 0
     3ce:	b9 01       	movw	r22, r18
     3d0:	02 c0       	rjmp	.+4      	; 0x3d6 <pinMode+0x50>
     3d2:	66 0f       	add	r22, r22
     3d4:	77 1f       	adc	r23, r23
     3d6:	8a 95       	dec	r24
     3d8:	e2 f7       	brpl	.-8      	; 0x3d2 <pinMode+0x4c>
     3da:	cb 01       	movw	r24, r22
     3dc:	96 2f       	mov	r25, r22
     3de:	90 95       	com	r25
     3e0:	94 23       	and	r25, r20
     3e2:	9a b9       	out	0x0a, r25	; 10
     3e4:	9b b1       	in	r25, 0x0b	; 11
     3e6:	89 2b       	or	r24, r25
     3e8:	8b b9       	out	0x0b, r24	; 11
     3ea:	08 95       	ret
     3ec:	88 50       	subi	r24, 0x08	; 8
     3ee:	88 30       	cpi	r24, 0x08	; 8
     3f0:	80 f5       	brcc	.+96     	; 0x452 <__EEPROM_REGION_LENGTH__+0x52>
     3f2:	61 11       	cpse	r22, r1
     3f4:	0e c0       	rjmp	.+28     	; 0x412 <__EEPROM_REGION_LENGTH__+0x12>
     3f6:	44 b1       	in	r20, 0x04	; 4
     3f8:	21 e0       	ldi	r18, 0x01	; 1
     3fa:	30 e0       	ldi	r19, 0x00	; 0
     3fc:	b9 01       	movw	r22, r18
     3fe:	02 c0       	rjmp	.+4      	; 0x404 <__EEPROM_REGION_LENGTH__+0x4>
     400:	66 0f       	add	r22, r22
     402:	77 1f       	adc	r23, r23
     404:	8a 95       	dec	r24
     406:	e2 f7       	brpl	.-8      	; 0x400 <__EEPROM_REGION_LENGTH__>
     408:	cb 01       	movw	r24, r22
     40a:	80 95       	com	r24
     40c:	84 23       	and	r24, r20
     40e:	84 b9       	out	0x04, r24	; 4
     410:	08 95       	ret
     412:	61 30       	cpi	r22, 0x01	; 1
     414:	69 f4       	brne	.+26     	; 0x430 <__EEPROM_REGION_LENGTH__+0x30>
     416:	44 b1       	in	r20, 0x04	; 4
     418:	21 e0       	ldi	r18, 0x01	; 1
     41a:	30 e0       	ldi	r19, 0x00	; 0
     41c:	b9 01       	movw	r22, r18
     41e:	02 c0       	rjmp	.+4      	; 0x424 <__EEPROM_REGION_LENGTH__+0x24>
     420:	66 0f       	add	r22, r22
     422:	77 1f       	adc	r23, r23
     424:	8a 95       	dec	r24
     426:	e2 f7       	brpl	.-8      	; 0x420 <__EEPROM_REGION_LENGTH__+0x20>
     428:	cb 01       	movw	r24, r22
     42a:	84 2b       	or	r24, r20
     42c:	84 b9       	out	0x04, r24	; 4
     42e:	08 95       	ret
     430:	44 b1       	in	r20, 0x04	; 4
     432:	21 e0       	ldi	r18, 0x01	; 1
     434:	30 e0       	ldi	r19, 0x00	; 0
     436:	b9 01       	movw	r22, r18
     438:	02 c0       	rjmp	.+4      	; 0x43e <__EEPROM_REGION_LENGTH__+0x3e>
     43a:	66 0f       	add	r22, r22
     43c:	77 1f       	adc	r23, r23
     43e:	8a 95       	dec	r24
     440:	e2 f7       	brpl	.-8      	; 0x43a <__EEPROM_REGION_LENGTH__+0x3a>
     442:	cb 01       	movw	r24, r22
     444:	96 2f       	mov	r25, r22
     446:	90 95       	com	r25
     448:	94 23       	and	r25, r20
     44a:	94 b9       	out	0x04, r25	; 4
     44c:	95 b1       	in	r25, 0x05	; 5
     44e:	89 2b       	or	r24, r25
     450:	85 b9       	out	0x05, r24	; 5
     452:	08 95       	ret

00000454 <pulseIn>:


unsigned long pulseIn(uint8_t pin, uint8_t state, unsigned long timeout) {
     454:	cf 92       	push	r12
     456:	df 92       	push	r13
     458:	ef 92       	push	r14
     45a:	ff 92       	push	r15
     45c:	0f 93       	push	r16
     45e:	1f 93       	push	r17
	unsigned long width = 0; // To store pulse width in microseconds
	unsigned long start_time = 0;

	// Convert timeout to clock cycles
	unsigned long timeout_ticks = timeout * (F_CPU / 1000000UL);
     460:	89 01       	movw	r16, r18
     462:	9a 01       	movw	r18, r20
     464:	00 0f       	add	r16, r16
     466:	11 1f       	adc	r17, r17
     468:	22 1f       	adc	r18, r18
     46a:	33 1f       	adc	r19, r19
     46c:	00 0f       	add	r16, r16
     46e:	11 1f       	adc	r17, r17
     470:	22 1f       	adc	r18, r18
     472:	33 1f       	adc	r19, r19
     474:	00 0f       	add	r16, r16
     476:	11 1f       	adc	r17, r17
     478:	22 1f       	adc	r18, r18
     47a:	33 1f       	adc	r19, r19
     47c:	00 0f       	add	r16, r16
     47e:	11 1f       	adc	r17, r17
     480:	22 1f       	adc	r18, r18
     482:	33 1f       	adc	r19, r19

	// Wait for the pulse to start
	start_time = 0;
	if (pin < 8)
     484:	88 30       	cpi	r24, 0x08	; 8
     486:	88 f0       	brcs	.+34     	; 0x4aa <pulseIn+0x56>
     488:	50 c0       	rjmp	.+160    	; 0x52a <pulseIn+0xd6>
	{
		while (((PIND & (1 << pin)) ? 1 : 0) != state) {
			if (++start_time >= timeout_ticks) {
     48a:	9f ef       	ldi	r25, 0xFF	; 255
     48c:	c9 1a       	sub	r12, r25
     48e:	d9 0a       	sbc	r13, r25
     490:	e9 0a       	sbc	r14, r25
     492:	f9 0a       	sbc	r15, r25
     494:	c0 16       	cp	r12, r16
     496:	d1 06       	cpc	r13, r17
     498:	e2 06       	cpc	r14, r18
     49a:	f3 06       	cpc	r15, r19
     49c:	08 f0       	brcs	.+2      	; 0x4a0 <pulseIn+0x4c>
     49e:	95 c0       	rjmp	.+298    	; 0x5ca <pulseIn+0x176>
     4a0:	95 e0       	ldi	r25, 0x05	; 5
     4a2:	9a 95       	dec	r25
     4a4:	f1 f7       	brne	.-4      	; 0x4a2 <pulseIn+0x4e>
     4a6:	00 00       	nop
     4a8:	03 c0       	rjmp	.+6      	; 0x4b0 <pulseIn+0x5c>
     4aa:	c1 2c       	mov	r12, r1
     4ac:	d1 2c       	mov	r13, r1
     4ae:	76 01       	movw	r14, r12

	// Wait for the pulse to start
	start_time = 0;
	if (pin < 8)
	{
		while (((PIND & (1 << pin)) ? 1 : 0) != state) {
     4b0:	49 b1       	in	r20, 0x09	; 9
     4b2:	e8 2f       	mov	r30, r24
     4b4:	50 e0       	ldi	r21, 0x00	; 0
     4b6:	08 2e       	mov	r0, r24
     4b8:	02 c0       	rjmp	.+4      	; 0x4be <pulseIn+0x6a>
     4ba:	55 95       	asr	r21
     4bc:	47 95       	ror	r20
     4be:	0a 94       	dec	r0
     4c0:	e2 f7       	brpl	.-8      	; 0x4ba <pulseIn+0x66>
     4c2:	a1 e0       	ldi	r26, 0x01	; 1
     4c4:	b0 e0       	ldi	r27, 0x00	; 0
     4c6:	40 fd       	sbrc	r20, 0
     4c8:	02 c0       	rjmp	.+4      	; 0x4ce <pulseIn+0x7a>
     4ca:	a0 e0       	ldi	r26, 0x00	; 0
     4cc:	b0 e0       	ldi	r27, 0x00	; 0
     4ce:	46 2f       	mov	r20, r22
     4d0:	50 e0       	ldi	r21, 0x00	; 0
     4d2:	a4 17       	cp	r26, r20
     4d4:	b5 07       	cpc	r27, r21
     4d6:	c9 f6       	brne	.-78     	; 0x48a <pulseIn+0x36>
     4d8:	c1 2c       	mov	r12, r1
     4da:	d1 2c       	mov	r13, r1
     4dc:	76 01       	movw	r14, r12
     4de:	0f c0       	rjmp	.+30     	; 0x4fe <pulseIn+0xaa>
		}

		// Measure the pulse width
		width = 0;
		while (((PIND & (1 << pin)) ? 1 : 0) == state) {
			if (++width >= timeout_ticks) {
     4e0:	8f ef       	ldi	r24, 0xFF	; 255
     4e2:	c8 1a       	sub	r12, r24
     4e4:	d8 0a       	sbc	r13, r24
     4e6:	e8 0a       	sbc	r14, r24
     4e8:	f8 0a       	sbc	r15, r24
     4ea:	c0 16       	cp	r12, r16
     4ec:	d1 06       	cpc	r13, r17
     4ee:	e2 06       	cpc	r14, r18
     4f0:	f3 06       	cpc	r15, r19
     4f2:	08 f0       	brcs	.+2      	; 0x4f6 <pulseIn+0xa2>
     4f4:	6f c0       	rjmp	.+222    	; 0x5d4 <pulseIn+0x180>
     4f6:	95 e0       	ldi	r25, 0x05	; 5
     4f8:	9a 95       	dec	r25
     4fa:	f1 f7       	brne	.-4      	; 0x4f8 <pulseIn+0xa4>
     4fc:	00 00       	nop
			_delay_us(1); // Add delay for accurate timing
		}

		// Measure the pulse width
		width = 0;
		while (((PIND & (1 << pin)) ? 1 : 0) == state) {
     4fe:	89 b1       	in	r24, 0x09	; 9
     500:	90 e0       	ldi	r25, 0x00	; 0
     502:	0e 2e       	mov	r0, r30
     504:	02 c0       	rjmp	.+4      	; 0x50a <pulseIn+0xb6>
     506:	95 95       	asr	r25
     508:	87 95       	ror	r24
     50a:	0a 94       	dec	r0
     50c:	e2 f7       	brpl	.-8      	; 0x506 <pulseIn+0xb2>
     50e:	61 e0       	ldi	r22, 0x01	; 1
     510:	70 e0       	ldi	r23, 0x00	; 0
     512:	80 fd       	sbrc	r24, 0
     514:	02 c0       	rjmp	.+4      	; 0x51a <pulseIn+0xc6>
     516:	60 e0       	ldi	r22, 0x00	; 0
     518:	70 e0       	ldi	r23, 0x00	; 0
     51a:	46 17       	cp	r20, r22
     51c:	57 07       	cpc	r21, r23
     51e:	01 f3       	breq	.-64     	; 0x4e0 <pulseIn+0x8c>
     520:	6c 2d       	mov	r22, r12
     522:	7d 2d       	mov	r23, r13
     524:	8e 2d       	mov	r24, r14
     526:	9f 2d       	mov	r25, r15
     528:	63 c0       	rjmp	.+198    	; 0x5f0 <pulseIn+0x19c>
				return 0; // Timeout
			}
			_delay_us(1); // Add delay for accurate timing
		}
	} else {
		pin -= 8;
     52a:	88 50       	subi	r24, 0x08	; 8

	// Convert timeout to clock cycles
	unsigned long timeout_ticks = timeout * (F_CPU / 1000000UL);

	// Wait for the pulse to start
	start_time = 0;
     52c:	c1 2c       	mov	r12, r1
     52e:	d1 2c       	mov	r13, r1
     530:	76 01       	movw	r14, r12
			}
			_delay_us(1); // Add delay for accurate timing
		}
	} else {
		pin -= 8;
		while (((PINB & (1 << pin)) ? 1 : 0) != state) {
     532:	0f c0       	rjmp	.+30     	; 0x552 <pulseIn+0xfe>
			if (++start_time >= timeout_ticks) {
     534:	9f ef       	ldi	r25, 0xFF	; 255
     536:	c9 1a       	sub	r12, r25
     538:	d9 0a       	sbc	r13, r25
     53a:	e9 0a       	sbc	r14, r25
     53c:	f9 0a       	sbc	r15, r25
     53e:	c0 16       	cp	r12, r16
     540:	d1 06       	cpc	r13, r17
     542:	e2 06       	cpc	r14, r18
     544:	f3 06       	cpc	r15, r19
     546:	08 f0       	brcs	.+2      	; 0x54a <pulseIn+0xf6>
     548:	4a c0       	rjmp	.+148    	; 0x5de <pulseIn+0x18a>
     54a:	95 e0       	ldi	r25, 0x05	; 5
     54c:	9a 95       	dec	r25
     54e:	f1 f7       	brne	.-4      	; 0x54c <pulseIn+0xf8>
     550:	00 00       	nop
			}
			_delay_us(1); // Add delay for accurate timing
		}
	} else {
		pin -= 8;
		while (((PINB & (1 << pin)) ? 1 : 0) != state) {
     552:	43 b1       	in	r20, 0x03	; 3
     554:	e8 2f       	mov	r30, r24
     556:	50 e0       	ldi	r21, 0x00	; 0
     558:	08 2e       	mov	r0, r24
     55a:	02 c0       	rjmp	.+4      	; 0x560 <pulseIn+0x10c>
     55c:	55 95       	asr	r21
     55e:	47 95       	ror	r20
     560:	0a 94       	dec	r0
     562:	e2 f7       	brpl	.-8      	; 0x55c <pulseIn+0x108>
     564:	a1 e0       	ldi	r26, 0x01	; 1
     566:	b0 e0       	ldi	r27, 0x00	; 0
     568:	40 fd       	sbrc	r20, 0
     56a:	02 c0       	rjmp	.+4      	; 0x570 <pulseIn+0x11c>
     56c:	a0 e0       	ldi	r26, 0x00	; 0
     56e:	b0 e0       	ldi	r27, 0x00	; 0
     570:	46 2f       	mov	r20, r22
     572:	50 e0       	ldi	r21, 0x00	; 0
     574:	a4 17       	cp	r26, r20
     576:	b5 07       	cpc	r27, r21
     578:	e9 f6       	brne	.-70     	; 0x534 <pulseIn+0xe0>
     57a:	c1 2c       	mov	r12, r1
     57c:	d1 2c       	mov	r13, r1
     57e:	76 01       	movw	r14, r12
     580:	0e c0       	rjmp	.+28     	; 0x59e <pulseIn+0x14a>
		}

		// Measure the pulse width
		width = 0;
		while (((PINB & (1 << pin)) ? 1 : 0) == state) {
			if (++width >= timeout_ticks) {
     582:	8f ef       	ldi	r24, 0xFF	; 255
     584:	c8 1a       	sub	r12, r24
     586:	d8 0a       	sbc	r13, r24
     588:	e8 0a       	sbc	r14, r24
     58a:	f8 0a       	sbc	r15, r24
     58c:	c0 16       	cp	r12, r16
     58e:	d1 06       	cpc	r13, r17
     590:	e2 06       	cpc	r14, r18
     592:	f3 06       	cpc	r15, r19
     594:	48 f5       	brcc	.+82     	; 0x5e8 <pulseIn+0x194>
     596:	95 e0       	ldi	r25, 0x05	; 5
     598:	9a 95       	dec	r25
     59a:	f1 f7       	brne	.-4      	; 0x598 <pulseIn+0x144>
     59c:	00 00       	nop
			_delay_us(1); // Add delay for accurate timing
		}

		// Measure the pulse width
		width = 0;
		while (((PINB & (1 << pin)) ? 1 : 0) == state) {
     59e:	83 b1       	in	r24, 0x03	; 3
     5a0:	90 e0       	ldi	r25, 0x00	; 0
     5a2:	0e 2e       	mov	r0, r30
     5a4:	02 c0       	rjmp	.+4      	; 0x5aa <pulseIn+0x156>
     5a6:	95 95       	asr	r25
     5a8:	87 95       	ror	r24
     5aa:	0a 94       	dec	r0
     5ac:	e2 f7       	brpl	.-8      	; 0x5a6 <pulseIn+0x152>
     5ae:	61 e0       	ldi	r22, 0x01	; 1
     5b0:	70 e0       	ldi	r23, 0x00	; 0
     5b2:	80 fd       	sbrc	r24, 0
     5b4:	02 c0       	rjmp	.+4      	; 0x5ba <pulseIn+0x166>
     5b6:	60 e0       	ldi	r22, 0x00	; 0
     5b8:	70 e0       	ldi	r23, 0x00	; 0
     5ba:	46 17       	cp	r20, r22
     5bc:	57 07       	cpc	r21, r23
     5be:	09 f3       	breq	.-62     	; 0x582 <pulseIn+0x12e>
     5c0:	6c 2d       	mov	r22, r12
     5c2:	7d 2d       	mov	r23, r13
     5c4:	8e 2d       	mov	r24, r14
     5c6:	9f 2d       	mov	r25, r15
     5c8:	13 c0       	rjmp	.+38     	; 0x5f0 <pulseIn+0x19c>
	start_time = 0;
	if (pin < 8)
	{
		while (((PIND & (1 << pin)) ? 1 : 0) != state) {
			if (++start_time >= timeout_ticks) {
				return 0; // Timeout
     5ca:	60 e0       	ldi	r22, 0x00	; 0
     5cc:	70 e0       	ldi	r23, 0x00	; 0
     5ce:	80 e0       	ldi	r24, 0x00	; 0
     5d0:	90 e0       	ldi	r25, 0x00	; 0
     5d2:	0e c0       	rjmp	.+28     	; 0x5f0 <pulseIn+0x19c>

		// Measure the pulse width
		width = 0;
		while (((PIND & (1 << pin)) ? 1 : 0) == state) {
			if (++width >= timeout_ticks) {
				return 0; // Timeout
     5d4:	60 e0       	ldi	r22, 0x00	; 0
     5d6:	70 e0       	ldi	r23, 0x00	; 0
     5d8:	80 e0       	ldi	r24, 0x00	; 0
     5da:	90 e0       	ldi	r25, 0x00	; 0
     5dc:	09 c0       	rjmp	.+18     	; 0x5f0 <pulseIn+0x19c>
		}
	} else {
		pin -= 8;
		while (((PINB & (1 << pin)) ? 1 : 0) != state) {
			if (++start_time >= timeout_ticks) {
				return 0; // Timeout
     5de:	60 e0       	ldi	r22, 0x00	; 0
     5e0:	70 e0       	ldi	r23, 0x00	; 0
     5e2:	80 e0       	ldi	r24, 0x00	; 0
     5e4:	90 e0       	ldi	r25, 0x00	; 0
     5e6:	04 c0       	rjmp	.+8      	; 0x5f0 <pulseIn+0x19c>

		// Measure the pulse width
		width = 0;
		while (((PINB & (1 << pin)) ? 1 : 0) == state) {
			if (++width >= timeout_ticks) {
				return 0; // Timeout
     5e8:	60 e0       	ldi	r22, 0x00	; 0
     5ea:	70 e0       	ldi	r23, 0x00	; 0
     5ec:	80 e0       	ldi	r24, 0x00	; 0
     5ee:	90 e0       	ldi	r25, 0x00	; 0
			}
			_delay_us(1); // Add delay for accurate timing
		}
	}
	return width; // Return width in microseconds
}
     5f0:	1f 91       	pop	r17
     5f2:	0f 91       	pop	r16
     5f4:	ff 90       	pop	r15
     5f6:	ef 90       	pop	r14
     5f8:	df 90       	pop	r13
     5fa:	cf 90       	pop	r12
     5fc:	08 95       	ret

000005fe <UART_Transmit>:

	// Set frame format: 8 data bits, 1 stop bit, no parity
	UCSR0C = (1 << UCSZ01) | (1 << UCSZ00);
}

int UART_Transmit(char data, FILE *stream) {
     5fe:	cf 93       	push	r28
     600:	c8 2f       	mov	r28, r24
	if (data == '\n') {
     602:	8a 30       	cpi	r24, 0x0A	; 10
     604:	19 f4       	brne	.+6      	; 0x60c <UART_Transmit+0xe>
		UART_Transmit('\r', stream);  // Add carriage return before newline
     606:	8d e0       	ldi	r24, 0x0D	; 13
     608:	0e 94 ff 02 	call	0x5fe	; 0x5fe <UART_Transmit>
	}

	while (!(UCSR0A & (1 << UDRE0)));  // Wait for the transmit buffer to be empty
     60c:	80 91 c0 00 	lds	r24, 0x00C0	; 0x8000c0 <__TEXT_REGION_LENGTH__+0x7f80c0>
     610:	85 ff       	sbrs	r24, 5
     612:	fc cf       	rjmp	.-8      	; 0x60c <UART_Transmit+0xe>
	UDR0 = data;  // Load the data into the buffer
     614:	c0 93 c6 00 	sts	0x00C6, r28	; 0x8000c6 <__TEXT_REGION_LENGTH__+0x7f80c6>
	return 0;
}
     618:	80 e0       	ldi	r24, 0x00	; 0
     61a:	90 e0       	ldi	r25, 0x00	; 0
     61c:	cf 91       	pop	r28
     61e:	08 95       	ret

00000620 <UART_Init>:
unsigned long previousButtonMillis = 0;
int interval = 1000;
char command;
float distanceFront, distanceRight, distanceLeft, duration1, duration2, duration3;

void UART_Init(unsigned long baudrate) {
     620:	9b 01       	movw	r18, r22
     622:	ac 01       	movw	r20, r24
	// Set the baud rate
	unsigned int ubrr = F_CPU / 16 / baudrate - 1;
     624:	60 e4       	ldi	r22, 0x40	; 64
     626:	72 e4       	ldi	r23, 0x42	; 66
     628:	8f e0       	ldi	r24, 0x0F	; 15
     62a:	90 e0       	ldi	r25, 0x00	; 0
     62c:	0e 94 5e 09 	call	0x12bc	; 0x12bc <__udivmodsi4>
     630:	21 50       	subi	r18, 0x01	; 1
     632:	31 09       	sbc	r19, r1
	UBRR0H = (unsigned char)(ubrr >> 8);
     634:	30 93 c5 00 	sts	0x00C5, r19	; 0x8000c5 <__TEXT_REGION_LENGTH__+0x7f80c5>
	UBRR0L = (unsigned char)ubrr;
     638:	20 93 c4 00 	sts	0x00C4, r18	; 0x8000c4 <__TEXT_REGION_LENGTH__+0x7f80c4>

	// Enable transmitter
	UCSR0B = (1 << TXEN0);
     63c:	88 e0       	ldi	r24, 0x08	; 8
     63e:	80 93 c1 00 	sts	0x00C1, r24	; 0x8000c1 <__TEXT_REGION_LENGTH__+0x7f80c1>

	// Set frame format: 8 data bits, 1 stop bit, no parity
	UCSR0C = (1 << UCSZ01) | (1 << UCSZ00);
     642:	86 e0       	ldi	r24, 0x06	; 6
     644:	80 93 c2 00 	sts	0x00C2, r24	; 0x8000c2 <__TEXT_REGION_LENGTH__+0x7f80c2>
     648:	08 95       	ret

0000064a <pwm_init>:


void pwm_init(void) {

	// Configure Timer1 for PWM (Pins 9, 10)
	TCCR1A = (1 << COM1A1) | (1 << COM1B1) | (1 << WGM11); // Fast PWM, 10-bit
     64a:	82 ea       	ldi	r24, 0xA2	; 162
     64c:	80 93 80 00 	sts	0x0080, r24	; 0x800080 <__TEXT_REGION_LENGTH__+0x7f8080>
	TCCR1B = (1 << WGM12) | (1 << WGM13) | (1 << CS11);    // Prescaler = 8
     650:	8a e1       	ldi	r24, 0x1A	; 26
     652:	80 93 81 00 	sts	0x0081, r24	; 0x800081 <__TEXT_REGION_LENGTH__+0x7f8081>
	ICR1 = 255; // TOP value for 8-bit resolution
     656:	8f ef       	ldi	r24, 0xFF	; 255
     658:	90 e0       	ldi	r25, 0x00	; 0
     65a:	90 93 87 00 	sts	0x0087, r25	; 0x800087 <__TEXT_REGION_LENGTH__+0x7f8087>
     65e:	80 93 86 00 	sts	0x0086, r24	; 0x800086 <__TEXT_REGION_LENGTH__+0x7f8086>

	// Configure Timer0 for PWM (Pins 5, 6)
	TCCR0A = (1 << COM0A1) | (1 << COM0B1) | (1 << WGM00) | (1 << WGM01); // Fast PWM
     662:	83 ea       	ldi	r24, 0xA3	; 163
     664:	84 bd       	out	0x24, r24	; 36
	TCCR0B = (1 << CS01); // Prescaler = 8
     666:	82 e0       	ldi	r24, 0x02	; 2
     668:	85 bd       	out	0x25, r24	; 37
     66a:	08 95       	ret

0000066c <printDistances>:
}

void printDistances() {
     66c:	cf 93       	push	r28
     66e:	df 93       	push	r29
	printf("distances: ");
     670:	8a e1       	ldi	r24, 0x1A	; 26
     672:	91 e0       	ldi	r25, 0x01	; 1
     674:	9f 93       	push	r25
     676:	8f 93       	push	r24
     678:	0e 94 e1 0a 	call	0x15c2	; 0x15c2 <printf>
	printf("right %.2f", distanceRight);
     67c:	80 91 6c 01 	lds	r24, 0x016C	; 0x80016c <distanceRight+0x3>
     680:	8f 93       	push	r24
     682:	80 91 6b 01 	lds	r24, 0x016B	; 0x80016b <distanceRight+0x2>
     686:	8f 93       	push	r24
     688:	80 91 6a 01 	lds	r24, 0x016A	; 0x80016a <distanceRight+0x1>
     68c:	8f 93       	push	r24
     68e:	80 91 69 01 	lds	r24, 0x0169	; 0x800169 <distanceRight>
     692:	8f 93       	push	r24
     694:	86 e2       	ldi	r24, 0x26	; 38
     696:	91 e0       	ldi	r25, 0x01	; 1
     698:	9f 93       	push	r25
     69a:	8f 93       	push	r24
     69c:	0e 94 e1 0a 	call	0x15c2	; 0x15c2 <printf>
	printf("---");
     6a0:	c1 e3       	ldi	r28, 0x31	; 49
     6a2:	d1 e0       	ldi	r29, 0x01	; 1
     6a4:	df 93       	push	r29
     6a6:	cf 93       	push	r28
     6a8:	0e 94 e1 0a 	call	0x15c2	; 0x15c2 <printf>
	printf("front %.2f", distanceFront);
     6ac:	80 91 5b 01 	lds	r24, 0x015B	; 0x80015b <distanceFront+0x3>
     6b0:	8f 93       	push	r24
     6b2:	80 91 5a 01 	lds	r24, 0x015A	; 0x80015a <distanceFront+0x2>
     6b6:	8f 93       	push	r24
     6b8:	80 91 59 01 	lds	r24, 0x0159	; 0x800159 <distanceFront+0x1>
     6bc:	8f 93       	push	r24
     6be:	80 91 58 01 	lds	r24, 0x0158	; 0x800158 <distanceFront>
     6c2:	8f 93       	push	r24
     6c4:	85 e3       	ldi	r24, 0x35	; 53
     6c6:	91 e0       	ldi	r25, 0x01	; 1
     6c8:	9f 93       	push	r25
     6ca:	8f 93       	push	r24
     6cc:	0e 94 e1 0a 	call	0x15c2	; 0x15c2 <printf>
	printf("---");
     6d0:	df 93       	push	r29
     6d2:	cf 93       	push	r28
     6d4:	0e 94 e1 0a 	call	0x15c2	; 0x15c2 <printf>
	printf("left %.2f", distanceLeft);
     6d8:	80 91 60 01 	lds	r24, 0x0160	; 0x800160 <distanceLeft+0x3>
     6dc:	8f 93       	push	r24
     6de:	80 91 5f 01 	lds	r24, 0x015F	; 0x80015f <distanceLeft+0x2>
     6e2:	8f 93       	push	r24
     6e4:	80 91 5e 01 	lds	r24, 0x015E	; 0x80015e <distanceLeft+0x1>
     6e8:	8f 93       	push	r24
     6ea:	80 91 5d 01 	lds	r24, 0x015D	; 0x80015d <distanceLeft>
     6ee:	8f 93       	push	r24
     6f0:	80 e4       	ldi	r24, 0x40	; 64
     6f2:	91 e0       	ldi	r25, 0x01	; 1
     6f4:	9f 93       	push	r25
     6f6:	8f 93       	push	r24
     6f8:	0e 94 e1 0a 	call	0x15c2	; 0x15c2 <printf>
	printf(" cm\n");
     6fc:	8a e4       	ldi	r24, 0x4A	; 74
     6fe:	91 e0       	ldi	r25, 0x01	; 1
     700:	0e 94 f7 0a 	call	0x15ee	; 0x15ee <puts>
}
     704:	8d b7       	in	r24, 0x3d	; 61
     706:	9e b7       	in	r25, 0x3e	; 62
     708:	48 96       	adiw	r24, 0x18	; 24
     70a:	0f b6       	in	r0, 0x3f	; 63
     70c:	f8 94       	cli
     70e:	9e bf       	out	0x3e, r25	; 62
     710:	0f be       	out	0x3f, r0	; 63
     712:	8d bf       	out	0x3d, r24	; 61
     714:	df 91       	pop	r29
     716:	cf 91       	pop	r28
     718:	08 95       	ret

0000071a <main>:


int main() {
	UART_Init(9600);  // Initialize UART at 9600 baud
     71a:	60 e8       	ldi	r22, 0x80	; 128
     71c:	75 e2       	ldi	r23, 0x25	; 37
     71e:	80 e0       	ldi	r24, 0x00	; 0
     720:	90 e0       	ldi	r25, 0x00	; 0
     722:	0e 94 10 03 	call	0x620	; 0x620 <UART_Init>
	stdout = &uart_output;  // Redirect stdout to UART
     726:	80 e0       	ldi	r24, 0x00	; 0
     728:	91 e0       	ldi	r25, 0x01	; 1
     72a:	90 93 70 01 	sts	0x0170, r25	; 0x800170 <__iob+0x3>
     72e:	80 93 6f 01 	sts	0x016F, r24	; 0x80016f <__iob+0x2>
	pinMode(5, OUTPUT);
     732:	61 e0       	ldi	r22, 0x01	; 1
     734:	85 e0       	ldi	r24, 0x05	; 5
     736:	0e 94 c3 01 	call	0x386	; 0x386 <pinMode>
	pinMode(6, OUTPUT);
     73a:	61 e0       	ldi	r22, 0x01	; 1
     73c:	86 e0       	ldi	r24, 0x06	; 6
     73e:	0e 94 c3 01 	call	0x386	; 0x386 <pinMode>
	pinMode(9, OUTPUT);
     742:	61 e0       	ldi	r22, 0x01	; 1
     744:	89 e0       	ldi	r24, 0x09	; 9
     746:	0e 94 c3 01 	call	0x386	; 0x386 <pinMode>
	pinMode(10, OUTPUT);
     74a:	61 e0       	ldi	r22, 0x01	; 1
     74c:	8a e0       	ldi	r24, 0x0A	; 10
     74e:	0e 94 c3 01 	call	0x386	; 0x386 <pinMode>
	pwm_init();
     752:	0e 94 25 03 	call	0x64a	; 0x64a <pwm_init>
	pinMode(20, INPUT_PULLUP);
     756:	62 e0       	ldi	r22, 0x02	; 2
     758:	84 e1       	ldi	r24, 0x14	; 20
     75a:	0e 94 c3 01 	call	0x386	; 0x386 <pinMode>
	pinMode(frontTrigPin, OUTPUT);
     75e:	61 e0       	ldi	r22, 0x01	; 1
     760:	80 91 10 01 	lds	r24, 0x0110	; 0x800110 <frontTrigPin>
     764:	0e 94 c3 01 	call	0x386	; 0x386 <pinMode>
	pinMode(frontEchoPin, INPUT);
     768:	60 e0       	ldi	r22, 0x00	; 0
     76a:	80 91 18 01 	lds	r24, 0x0118	; 0x800118 <frontEchoPin>
     76e:	0e 94 c3 01 	call	0x386	; 0x386 <pinMode>
	pinMode(rightTrigPin, OUTPUT);
     772:	61 e0       	ldi	r22, 0x01	; 1
     774:	80 91 0e 01 	lds	r24, 0x010E	; 0x80010e <rightTrigPin>
     778:	0e 94 c3 01 	call	0x386	; 0x386 <pinMode>
	pinMode(rightEchoPin, INPUT);
     77c:	60 e0       	ldi	r22, 0x00	; 0
     77e:	80 91 16 01 	lds	r24, 0x0116	; 0x800116 <rightEchoPin>
     782:	0e 94 c3 01 	call	0x386	; 0x386 <pinMode>
	pinMode(leftTrigPin, OUTPUT);
     786:	61 e0       	ldi	r22, 0x01	; 1
     788:	80 91 12 01 	lds	r24, 0x0112	; 0x800112 <leftTrigPin>
     78c:	0e 94 c3 01 	call	0x386	; 0x386 <pinMode>
	pinMode(leftEchoPin, INPUT);
     790:	60 e0       	ldi	r22, 0x00	; 0
     792:	80 91 14 01 	lds	r24, 0x0114	; 0x800114 <leftEchoPin>
     796:	0e 94 c3 01 	call	0x386	; 0x386 <pinMode>
	pinMode(12, INPUT);
     79a:	60 e0       	ldi	r22, 0x00	; 0
     79c:	8c e0       	ldi	r24, 0x0C	; 12
     79e:	0e 94 c3 01 	call	0x386	; 0x386 <pinMode>
	pinMode(11, INPUT);
     7a2:	60 e0       	ldi	r22, 0x00	; 0
     7a4:	8b e0       	ldi	r24, 0x0B	; 11
     7a6:	0e 94 c3 01 	call	0x386	; 0x386 <pinMode>
	pinMode(2, INPUT);
     7aa:	60 e0       	ldi	r22, 0x00	; 0
     7ac:	82 e0       	ldi	r24, 0x02	; 2
     7ae:	0e 94 c3 01 	call	0x386	; 0x386 <pinMode>
	pinMode(3, INPUT);
     7b2:	60 e0       	ldi	r22, 0x00	; 0
     7b4:	83 e0       	ldi	r24, 0x03	; 3
     7b6:	0e 94 c3 01 	call	0x386	; 0x386 <pinMode>
	pinMode(4, INPUT);
     7ba:	60 e0       	ldi	r22, 0x00	; 0
     7bc:	84 e0       	ldi	r24, 0x04	; 4
     7be:	0e 94 c3 01 	call	0x386	; 0x386 <pinMode>
	pinMode(7, INPUT);
     7c2:	60 e0       	ldi	r22, 0x00	; 0
     7c4:	87 e0       	ldi	r24, 0x07	; 7
     7c6:	0e 94 c3 01 	call	0x386	; 0x386 <pinMode>
	pinMode(8, INPUT);
     7ca:	60 e0       	ldi	r22, 0x00	; 0
     7cc:	88 e0       	ldi	r24, 0x08	; 8
     7ce:	0e 94 c3 01 	call	0x386	; 0x386 <pinMode>
	pinMode(13, OUTPUT);
     7d2:	61 e0       	ldi	r22, 0x01	; 1
     7d4:	8d e0       	ldi	r24, 0x0D	; 13
     7d6:	0e 94 c3 01 	call	0x386	; 0x386 <pinMode>
	while (1)
	{
		// 70 starts to run
		//unsigned long currentMillis = millis();
		if (workMode == 0) {
     7da:	80 91 52 01 	lds	r24, 0x0152	; 0x800152 <workMode>
     7de:	90 91 53 01 	lds	r25, 0x0153	; 0x800153 <workMode+0x1>
     7e2:	89 2b       	or	r24, r25
     7e4:	d1 f7       	brne	.-12     	; 0x7da <main+0xc0>
			//if (currentMillis - previousMillis >= 100) {
				distanceRight = sensorValue(rightEchoPin);
     7e6:	80 91 16 01 	lds	r24, 0x0116	; 0x800116 <rightEchoPin>
     7ea:	90 91 17 01 	lds	r25, 0x0117	; 0x800117 <rightEchoPin+0x1>
     7ee:	0e 94 26 01 	call	0x24c	; 0x24c <sensorValue>
     7f2:	60 93 69 01 	sts	0x0169, r22	; 0x800169 <distanceRight>
     7f6:	70 93 6a 01 	sts	0x016A, r23	; 0x80016a <distanceRight+0x1>
     7fa:	80 93 6b 01 	sts	0x016B, r24	; 0x80016b <distanceRight+0x2>
     7fe:	90 93 6c 01 	sts	0x016C, r25	; 0x80016c <distanceRight+0x3>
	#else
		//round up by default
		__ticks_dc = (uint32_t)(ceil(fabs(__tmp)));
	#endif

	__builtin_avr_delay_cycles(__ticks_dc);
     802:	2f ef       	ldi	r18, 0xFF	; 255
     804:	81 ee       	ldi	r24, 0xE1	; 225
     806:	94 e0       	ldi	r25, 0x04	; 4
     808:	21 50       	subi	r18, 0x01	; 1
     80a:	80 40       	sbci	r24, 0x00	; 0
     80c:	90 40       	sbci	r25, 0x00	; 0
     80e:	e1 f7       	brne	.-8      	; 0x808 <__DATA_REGION_LENGTH__+0x8>
     810:	00 c0       	rjmp	.+0      	; 0x812 <__DATA_REGION_LENGTH__+0x12>
     812:	00 00       	nop
				_delay_ms(100);
				distanceFront = sensorValue(frontEchoPin);
     814:	80 91 18 01 	lds	r24, 0x0118	; 0x800118 <frontEchoPin>
     818:	90 91 19 01 	lds	r25, 0x0119	; 0x800119 <frontEchoPin+0x1>
     81c:	0e 94 26 01 	call	0x24c	; 0x24c <sensorValue>
     820:	60 93 58 01 	sts	0x0158, r22	; 0x800158 <distanceFront>
     824:	70 93 59 01 	sts	0x0159, r23	; 0x800159 <distanceFront+0x1>
     828:	80 93 5a 01 	sts	0x015A, r24	; 0x80015a <distanceFront+0x2>
     82c:	90 93 5b 01 	sts	0x015B, r25	; 0x80015b <distanceFront+0x3>
     830:	2f ef       	ldi	r18, 0xFF	; 255
     832:	81 ee       	ldi	r24, 0xE1	; 225
     834:	94 e0       	ldi	r25, 0x04	; 4
     836:	21 50       	subi	r18, 0x01	; 1
     838:	80 40       	sbci	r24, 0x00	; 0
     83a:	90 40       	sbci	r25, 0x00	; 0
     83c:	e1 f7       	brne	.-8      	; 0x836 <__DATA_REGION_LENGTH__+0x36>
     83e:	00 c0       	rjmp	.+0      	; 0x840 <__DATA_REGION_LENGTH__+0x40>
     840:	00 00       	nop
				_delay_ms(100);
				distanceLeft = sensorValue(leftEchoPin);
     842:	80 91 14 01 	lds	r24, 0x0114	; 0x800114 <leftEchoPin>
     846:	90 91 15 01 	lds	r25, 0x0115	; 0x800115 <leftEchoPin+0x1>
     84a:	0e 94 26 01 	call	0x24c	; 0x24c <sensorValue>
     84e:	60 93 5d 01 	sts	0x015D, r22	; 0x80015d <distanceLeft>
     852:	70 93 5e 01 	sts	0x015E, r23	; 0x80015e <distanceLeft+0x1>
     856:	80 93 5f 01 	sts	0x015F, r24	; 0x80015f <distanceLeft+0x2>
     85a:	90 93 60 01 	sts	0x0160, r25	; 0x800160 <distanceLeft+0x3>
     85e:	2f ef       	ldi	r18, 0xFF	; 255
     860:	81 ee       	ldi	r24, 0xE1	; 225
     862:	94 e0       	ldi	r25, 0x04	; 4
     864:	21 50       	subi	r18, 0x01	; 1
     866:	80 40       	sbci	r24, 0x00	; 0
     868:	90 40       	sbci	r25, 0x00	; 0
     86a:	e1 f7       	brne	.-8      	; 0x864 <__DATA_REGION_LENGTH__+0x64>
     86c:	00 c0       	rjmp	.+0      	; 0x86e <__DATA_REGION_LENGTH__+0x6e>
     86e:	00 00       	nop
				_delay_ms(100);
				printDistances();
     870:	0e 94 36 03 	call	0x66c	; 0x66c <printDistances>
				
				if (distanceFront < SafeDistance) {
     874:	60 91 58 01 	lds	r22, 0x0158	; 0x800158 <distanceFront>
     878:	70 91 59 01 	lds	r23, 0x0159	; 0x800159 <distanceFront+0x1>
     87c:	80 91 5a 01 	lds	r24, 0x015A	; 0x80015a <distanceFront+0x2>
     880:	90 91 5b 01 	lds	r25, 0x015B	; 0x80015b <distanceFront+0x3>
     884:	20 e0       	ldi	r18, 0x00	; 0
     886:	30 e0       	ldi	r19, 0x00	; 0
     888:	48 eb       	ldi	r20, 0xB8	; 184
     88a:	51 e4       	ldi	r21, 0x41	; 65
     88c:	0e 94 b8 04 	call	0x970	; 0x970 <__cmpsf2>
     890:	88 23       	and	r24, r24
     892:	0c f0       	brlt	.+2      	; 0x896 <__DATA_REGION_LENGTH__+0x96>
     894:	44 c0       	rjmp	.+136    	; 0x91e <__stack+0x1f>
					if (distanceLeft < SafeDistance && distanceRight < SafeDistance) {
     896:	c0 90 5d 01 	lds	r12, 0x015D	; 0x80015d <distanceLeft>
     89a:	d0 90 5e 01 	lds	r13, 0x015E	; 0x80015e <distanceLeft+0x1>
     89e:	e0 90 5f 01 	lds	r14, 0x015F	; 0x80015f <distanceLeft+0x2>
     8a2:	f0 90 60 01 	lds	r15, 0x0160	; 0x800160 <distanceLeft+0x3>
     8a6:	20 e0       	ldi	r18, 0x00	; 0
     8a8:	30 e0       	ldi	r19, 0x00	; 0
     8aa:	48 eb       	ldi	r20, 0xB8	; 184
     8ac:	51 e4       	ldi	r21, 0x41	; 65
     8ae:	c7 01       	movw	r24, r14
     8b0:	b6 01       	movw	r22, r12
     8b2:	0e 94 b8 04 	call	0x970	; 0x970 <__cmpsf2>
     8b6:	88 23       	and	r24, r24
     8b8:	9c f4       	brge	.+38     	; 0x8e0 <__DATA_REGION_LENGTH__+0xe0>
     8ba:	60 91 69 01 	lds	r22, 0x0169	; 0x800169 <distanceRight>
     8be:	70 91 6a 01 	lds	r23, 0x016A	; 0x80016a <distanceRight+0x1>
     8c2:	80 91 6b 01 	lds	r24, 0x016B	; 0x80016b <distanceRight+0x2>
     8c6:	90 91 6c 01 	lds	r25, 0x016C	; 0x80016c <distanceRight+0x3>
     8ca:	20 e0       	ldi	r18, 0x00	; 0
     8cc:	30 e0       	ldi	r19, 0x00	; 0
     8ce:	48 eb       	ldi	r20, 0xB8	; 184
     8d0:	51 e4       	ldi	r21, 0x41	; 65
     8d2:	0e 94 b8 04 	call	0x970	; 0x970 <__cmpsf2>
     8d6:	88 23       	and	r24, r24
     8d8:	1c f4       	brge	.+6      	; 0x8e0 <__DATA_REGION_LENGTH__+0xe0>
						driveBack();
     8da:	0e 94 10 01 	call	0x220	; 0x220 <driveBack>
     8de:	7d cf       	rjmp	.-262    	; 0x7da <main+0xc0>
						} else {
						if (distanceLeft > distanceRight) {
     8e0:	80 90 69 01 	lds	r8, 0x0169	; 0x800169 <distanceRight>
     8e4:	90 90 6a 01 	lds	r9, 0x016A	; 0x80016a <distanceRight+0x1>
     8e8:	a0 90 6b 01 	lds	r10, 0x016B	; 0x80016b <distanceRight+0x2>
     8ec:	b0 90 6c 01 	lds	r11, 0x016C	; 0x80016c <distanceRight+0x3>
     8f0:	a5 01       	movw	r20, r10
     8f2:	94 01       	movw	r18, r8
     8f4:	c7 01       	movw	r24, r14
     8f6:	b6 01       	movw	r22, r12
     8f8:	0e 94 1e 05 	call	0xa3c	; 0xa3c <__gesf2>
     8fc:	18 16       	cp	r1, r24
     8fe:	1c f4       	brge	.+6      	; 0x906 <__stack+0x7>
							driveRight();
     900:	0e 94 ea 00 	call	0x1d4	; 0x1d4 <driveRight>
     904:	6a cf       	rjmp	.-300    	; 0x7da <main+0xc0>
							} else if (distanceLeft < distanceRight) {
     906:	a5 01       	movw	r20, r10
     908:	94 01       	movw	r18, r8
     90a:	c7 01       	movw	r24, r14
     90c:	b6 01       	movw	r22, r12
     90e:	0e 94 b8 04 	call	0x970	; 0x970 <__cmpsf2>
     912:	88 23       	and	r24, r24
     914:	0c f0       	brlt	.+2      	; 0x918 <__stack+0x19>
     916:	61 cf       	rjmp	.-318    	; 0x7da <main+0xc0>
							driveLeft();
     918:	0e 94 02 01 	call	0x204	; 0x204 <driveLeft>
     91c:	5e cf       	rjmp	.-324    	; 0x7da <main+0xc0>
						}
					}
					} else if (distanceLeft < SafeDistance) {
     91e:	60 91 5d 01 	lds	r22, 0x015D	; 0x80015d <distanceLeft>
     922:	70 91 5e 01 	lds	r23, 0x015E	; 0x80015e <distanceLeft+0x1>
     926:	80 91 5f 01 	lds	r24, 0x015F	; 0x80015f <distanceLeft+0x2>
     92a:	90 91 60 01 	lds	r25, 0x0160	; 0x800160 <distanceLeft+0x3>
     92e:	20 e0       	ldi	r18, 0x00	; 0
     930:	30 e0       	ldi	r19, 0x00	; 0
     932:	48 eb       	ldi	r20, 0xB8	; 184
     934:	51 e4       	ldi	r21, 0x41	; 65
     936:	0e 94 b8 04 	call	0x970	; 0x970 <__cmpsf2>
     93a:	88 23       	and	r24, r24
     93c:	1c f4       	brge	.+6      	; 0x944 <__stack+0x45>
					driveLeft();
     93e:	0e 94 02 01 	call	0x204	; 0x204 <driveLeft>
     942:	4b cf       	rjmp	.-362    	; 0x7da <main+0xc0>
					} else if (distanceRight < SafeDistance) {
     944:	60 91 69 01 	lds	r22, 0x0169	; 0x800169 <distanceRight>
     948:	70 91 6a 01 	lds	r23, 0x016A	; 0x80016a <distanceRight+0x1>
     94c:	80 91 6b 01 	lds	r24, 0x016B	; 0x80016b <distanceRight+0x2>
     950:	90 91 6c 01 	lds	r25, 0x016C	; 0x80016c <distanceRight+0x3>
     954:	20 e0       	ldi	r18, 0x00	; 0
     956:	30 e0       	ldi	r19, 0x00	; 0
     958:	48 eb       	ldi	r20, 0xB8	; 184
     95a:	51 e4       	ldi	r21, 0x41	; 65
     95c:	0e 94 b8 04 	call	0x970	; 0x970 <__cmpsf2>
     960:	88 23       	and	r24, r24
     962:	1c f4       	brge	.+6      	; 0x96a <__stack+0x6b>
					driveRight();
     964:	0e 94 ea 00 	call	0x1d4	; 0x1d4 <driveRight>
     968:	38 cf       	rjmp	.-400    	; 0x7da <main+0xc0>
					} else {
					driveForward();
     96a:	0e 94 d4 00 	call	0x1a8	; 0x1a8 <driveForward>
     96e:	35 cf       	rjmp	.-406    	; 0x7da <main+0xc0>

00000970 <__cmpsf2>:
     970:	0e 94 fa 04 	call	0x9f4	; 0x9f4 <__fp_cmp>
     974:	08 f4       	brcc	.+2      	; 0x978 <__cmpsf2+0x8>
     976:	81 e0       	ldi	r24, 0x01	; 1
     978:	08 95       	ret

0000097a <__floatunsisf>:
     97a:	e8 94       	clt
     97c:	09 c0       	rjmp	.+18     	; 0x990 <__floatsisf+0x12>

0000097e <__floatsisf>:
     97e:	97 fb       	bst	r25, 7
     980:	3e f4       	brtc	.+14     	; 0x990 <__floatsisf+0x12>
     982:	90 95       	com	r25
     984:	80 95       	com	r24
     986:	70 95       	com	r23
     988:	61 95       	neg	r22
     98a:	7f 4f       	sbci	r23, 0xFF	; 255
     98c:	8f 4f       	sbci	r24, 0xFF	; 255
     98e:	9f 4f       	sbci	r25, 0xFF	; 255
     990:	99 23       	and	r25, r25
     992:	a9 f0       	breq	.+42     	; 0x9be <__floatsisf+0x40>
     994:	f9 2f       	mov	r31, r25
     996:	96 e9       	ldi	r25, 0x96	; 150
     998:	bb 27       	eor	r27, r27
     99a:	93 95       	inc	r25
     99c:	f6 95       	lsr	r31
     99e:	87 95       	ror	r24
     9a0:	77 95       	ror	r23
     9a2:	67 95       	ror	r22
     9a4:	b7 95       	ror	r27
     9a6:	f1 11       	cpse	r31, r1
     9a8:	f8 cf       	rjmp	.-16     	; 0x99a <__floatsisf+0x1c>
     9aa:	fa f4       	brpl	.+62     	; 0x9ea <__floatsisf+0x6c>
     9ac:	bb 0f       	add	r27, r27
     9ae:	11 f4       	brne	.+4      	; 0x9b4 <__floatsisf+0x36>
     9b0:	60 ff       	sbrs	r22, 0
     9b2:	1b c0       	rjmp	.+54     	; 0x9ea <__floatsisf+0x6c>
     9b4:	6f 5f       	subi	r22, 0xFF	; 255
     9b6:	7f 4f       	sbci	r23, 0xFF	; 255
     9b8:	8f 4f       	sbci	r24, 0xFF	; 255
     9ba:	9f 4f       	sbci	r25, 0xFF	; 255
     9bc:	16 c0       	rjmp	.+44     	; 0x9ea <__floatsisf+0x6c>
     9be:	88 23       	and	r24, r24
     9c0:	11 f0       	breq	.+4      	; 0x9c6 <__floatsisf+0x48>
     9c2:	96 e9       	ldi	r25, 0x96	; 150
     9c4:	11 c0       	rjmp	.+34     	; 0x9e8 <__floatsisf+0x6a>
     9c6:	77 23       	and	r23, r23
     9c8:	21 f0       	breq	.+8      	; 0x9d2 <__floatsisf+0x54>
     9ca:	9e e8       	ldi	r25, 0x8E	; 142
     9cc:	87 2f       	mov	r24, r23
     9ce:	76 2f       	mov	r23, r22
     9d0:	05 c0       	rjmp	.+10     	; 0x9dc <__floatsisf+0x5e>
     9d2:	66 23       	and	r22, r22
     9d4:	71 f0       	breq	.+28     	; 0x9f2 <__floatsisf+0x74>
     9d6:	96 e8       	ldi	r25, 0x86	; 134
     9d8:	86 2f       	mov	r24, r22
     9da:	70 e0       	ldi	r23, 0x00	; 0
     9dc:	60 e0       	ldi	r22, 0x00	; 0
     9de:	2a f0       	brmi	.+10     	; 0x9ea <__floatsisf+0x6c>
     9e0:	9a 95       	dec	r25
     9e2:	66 0f       	add	r22, r22
     9e4:	77 1f       	adc	r23, r23
     9e6:	88 1f       	adc	r24, r24
     9e8:	da f7       	brpl	.-10     	; 0x9e0 <__floatsisf+0x62>
     9ea:	88 0f       	add	r24, r24
     9ec:	96 95       	lsr	r25
     9ee:	87 95       	ror	r24
     9f0:	97 f9       	bld	r25, 7
     9f2:	08 95       	ret

000009f4 <__fp_cmp>:
     9f4:	99 0f       	add	r25, r25
     9f6:	00 08       	sbc	r0, r0
     9f8:	55 0f       	add	r21, r21
     9fa:	aa 0b       	sbc	r26, r26
     9fc:	e0 e8       	ldi	r30, 0x80	; 128
     9fe:	fe ef       	ldi	r31, 0xFE	; 254
     a00:	16 16       	cp	r1, r22
     a02:	17 06       	cpc	r1, r23
     a04:	e8 07       	cpc	r30, r24
     a06:	f9 07       	cpc	r31, r25
     a08:	c0 f0       	brcs	.+48     	; 0xa3a <__fp_cmp+0x46>
     a0a:	12 16       	cp	r1, r18
     a0c:	13 06       	cpc	r1, r19
     a0e:	e4 07       	cpc	r30, r20
     a10:	f5 07       	cpc	r31, r21
     a12:	98 f0       	brcs	.+38     	; 0xa3a <__fp_cmp+0x46>
     a14:	62 1b       	sub	r22, r18
     a16:	73 0b       	sbc	r23, r19
     a18:	84 0b       	sbc	r24, r20
     a1a:	95 0b       	sbc	r25, r21
     a1c:	39 f4       	brne	.+14     	; 0xa2c <__fp_cmp+0x38>
     a1e:	0a 26       	eor	r0, r26
     a20:	61 f0       	breq	.+24     	; 0xa3a <__fp_cmp+0x46>
     a22:	23 2b       	or	r18, r19
     a24:	24 2b       	or	r18, r20
     a26:	25 2b       	or	r18, r21
     a28:	21 f4       	brne	.+8      	; 0xa32 <__fp_cmp+0x3e>
     a2a:	08 95       	ret
     a2c:	0a 26       	eor	r0, r26
     a2e:	09 f4       	brne	.+2      	; 0xa32 <__fp_cmp+0x3e>
     a30:	a1 40       	sbci	r26, 0x01	; 1
     a32:	a6 95       	lsr	r26
     a34:	8f ef       	ldi	r24, 0xFF	; 255
     a36:	81 1d       	adc	r24, r1
     a38:	81 1d       	adc	r24, r1
     a3a:	08 95       	ret

00000a3c <__gesf2>:
     a3c:	0e 94 fa 04 	call	0x9f4	; 0x9f4 <__fp_cmp>
     a40:	08 f4       	brcc	.+2      	; 0xa44 <__gesf2+0x8>
     a42:	8f ef       	ldi	r24, 0xFF	; 255
     a44:	08 95       	ret

00000a46 <__mulsf3>:
     a46:	0e 94 36 05 	call	0xa6c	; 0xa6c <__mulsf3x>
     a4a:	0c 94 a7 05 	jmp	0xb4e	; 0xb4e <__fp_round>
     a4e:	0e 94 99 05 	call	0xb32	; 0xb32 <__fp_pscA>
     a52:	38 f0       	brcs	.+14     	; 0xa62 <__mulsf3+0x1c>
     a54:	0e 94 a0 05 	call	0xb40	; 0xb40 <__fp_pscB>
     a58:	20 f0       	brcs	.+8      	; 0xa62 <__mulsf3+0x1c>
     a5a:	95 23       	and	r25, r21
     a5c:	11 f0       	breq	.+4      	; 0xa62 <__mulsf3+0x1c>
     a5e:	0c 94 90 05 	jmp	0xb20	; 0xb20 <__fp_inf>
     a62:	0c 94 96 05 	jmp	0xb2c	; 0xb2c <__fp_nan>
     a66:	11 24       	eor	r1, r1
     a68:	0c 94 db 05 	jmp	0xbb6	; 0xbb6 <__fp_szero>

00000a6c <__mulsf3x>:
     a6c:	0e 94 b8 05 	call	0xb70	; 0xb70 <__fp_split3>
     a70:	70 f3       	brcs	.-36     	; 0xa4e <__mulsf3+0x8>

00000a72 <__mulsf3_pse>:
     a72:	95 9f       	mul	r25, r21
     a74:	c1 f3       	breq	.-16     	; 0xa66 <__mulsf3+0x20>
     a76:	95 0f       	add	r25, r21
     a78:	50 e0       	ldi	r21, 0x00	; 0
     a7a:	55 1f       	adc	r21, r21
     a7c:	62 9f       	mul	r22, r18
     a7e:	f0 01       	movw	r30, r0
     a80:	72 9f       	mul	r23, r18
     a82:	bb 27       	eor	r27, r27
     a84:	f0 0d       	add	r31, r0
     a86:	b1 1d       	adc	r27, r1
     a88:	63 9f       	mul	r22, r19
     a8a:	aa 27       	eor	r26, r26
     a8c:	f0 0d       	add	r31, r0
     a8e:	b1 1d       	adc	r27, r1
     a90:	aa 1f       	adc	r26, r26
     a92:	64 9f       	mul	r22, r20
     a94:	66 27       	eor	r22, r22
     a96:	b0 0d       	add	r27, r0
     a98:	a1 1d       	adc	r26, r1
     a9a:	66 1f       	adc	r22, r22
     a9c:	82 9f       	mul	r24, r18
     a9e:	22 27       	eor	r18, r18
     aa0:	b0 0d       	add	r27, r0
     aa2:	a1 1d       	adc	r26, r1
     aa4:	62 1f       	adc	r22, r18
     aa6:	73 9f       	mul	r23, r19
     aa8:	b0 0d       	add	r27, r0
     aaa:	a1 1d       	adc	r26, r1
     aac:	62 1f       	adc	r22, r18
     aae:	83 9f       	mul	r24, r19
     ab0:	a0 0d       	add	r26, r0
     ab2:	61 1d       	adc	r22, r1
     ab4:	22 1f       	adc	r18, r18
     ab6:	74 9f       	mul	r23, r20
     ab8:	33 27       	eor	r19, r19
     aba:	a0 0d       	add	r26, r0
     abc:	61 1d       	adc	r22, r1
     abe:	23 1f       	adc	r18, r19
     ac0:	84 9f       	mul	r24, r20
     ac2:	60 0d       	add	r22, r0
     ac4:	21 1d       	adc	r18, r1
     ac6:	82 2f       	mov	r24, r18
     ac8:	76 2f       	mov	r23, r22
     aca:	6a 2f       	mov	r22, r26
     acc:	11 24       	eor	r1, r1
     ace:	9f 57       	subi	r25, 0x7F	; 127
     ad0:	50 40       	sbci	r21, 0x00	; 0
     ad2:	9a f0       	brmi	.+38     	; 0xafa <__mulsf3_pse+0x88>
     ad4:	f1 f0       	breq	.+60     	; 0xb12 <__mulsf3_pse+0xa0>
     ad6:	88 23       	and	r24, r24
     ad8:	4a f0       	brmi	.+18     	; 0xaec <__mulsf3_pse+0x7a>
     ada:	ee 0f       	add	r30, r30
     adc:	ff 1f       	adc	r31, r31
     ade:	bb 1f       	adc	r27, r27
     ae0:	66 1f       	adc	r22, r22
     ae2:	77 1f       	adc	r23, r23
     ae4:	88 1f       	adc	r24, r24
     ae6:	91 50       	subi	r25, 0x01	; 1
     ae8:	50 40       	sbci	r21, 0x00	; 0
     aea:	a9 f7       	brne	.-22     	; 0xad6 <__mulsf3_pse+0x64>
     aec:	9e 3f       	cpi	r25, 0xFE	; 254
     aee:	51 05       	cpc	r21, r1
     af0:	80 f0       	brcs	.+32     	; 0xb12 <__mulsf3_pse+0xa0>
     af2:	0c 94 90 05 	jmp	0xb20	; 0xb20 <__fp_inf>
     af6:	0c 94 db 05 	jmp	0xbb6	; 0xbb6 <__fp_szero>
     afa:	5f 3f       	cpi	r21, 0xFF	; 255
     afc:	e4 f3       	brlt	.-8      	; 0xaf6 <__mulsf3_pse+0x84>
     afe:	98 3e       	cpi	r25, 0xE8	; 232
     b00:	d4 f3       	brlt	.-12     	; 0xaf6 <__mulsf3_pse+0x84>
     b02:	86 95       	lsr	r24
     b04:	77 95       	ror	r23
     b06:	67 95       	ror	r22
     b08:	b7 95       	ror	r27
     b0a:	f7 95       	ror	r31
     b0c:	e7 95       	ror	r30
     b0e:	9f 5f       	subi	r25, 0xFF	; 255
     b10:	c1 f7       	brne	.-16     	; 0xb02 <__mulsf3_pse+0x90>
     b12:	fe 2b       	or	r31, r30
     b14:	88 0f       	add	r24, r24
     b16:	91 1d       	adc	r25, r1
     b18:	96 95       	lsr	r25
     b1a:	87 95       	ror	r24
     b1c:	97 f9       	bld	r25, 7
     b1e:	08 95       	ret

00000b20 <__fp_inf>:
     b20:	97 f9       	bld	r25, 7
     b22:	9f 67       	ori	r25, 0x7F	; 127
     b24:	80 e8       	ldi	r24, 0x80	; 128
     b26:	70 e0       	ldi	r23, 0x00	; 0
     b28:	60 e0       	ldi	r22, 0x00	; 0
     b2a:	08 95       	ret

00000b2c <__fp_nan>:
     b2c:	9f ef       	ldi	r25, 0xFF	; 255
     b2e:	80 ec       	ldi	r24, 0xC0	; 192
     b30:	08 95       	ret

00000b32 <__fp_pscA>:
     b32:	00 24       	eor	r0, r0
     b34:	0a 94       	dec	r0
     b36:	16 16       	cp	r1, r22
     b38:	17 06       	cpc	r1, r23
     b3a:	18 06       	cpc	r1, r24
     b3c:	09 06       	cpc	r0, r25
     b3e:	08 95       	ret

00000b40 <__fp_pscB>:
     b40:	00 24       	eor	r0, r0
     b42:	0a 94       	dec	r0
     b44:	12 16       	cp	r1, r18
     b46:	13 06       	cpc	r1, r19
     b48:	14 06       	cpc	r1, r20
     b4a:	05 06       	cpc	r0, r21
     b4c:	08 95       	ret

00000b4e <__fp_round>:
     b4e:	09 2e       	mov	r0, r25
     b50:	03 94       	inc	r0
     b52:	00 0c       	add	r0, r0
     b54:	11 f4       	brne	.+4      	; 0xb5a <__fp_round+0xc>
     b56:	88 23       	and	r24, r24
     b58:	52 f0       	brmi	.+20     	; 0xb6e <__fp_round+0x20>
     b5a:	bb 0f       	add	r27, r27
     b5c:	40 f4       	brcc	.+16     	; 0xb6e <__fp_round+0x20>
     b5e:	bf 2b       	or	r27, r31
     b60:	11 f4       	brne	.+4      	; 0xb66 <__fp_round+0x18>
     b62:	60 ff       	sbrs	r22, 0
     b64:	04 c0       	rjmp	.+8      	; 0xb6e <__fp_round+0x20>
     b66:	6f 5f       	subi	r22, 0xFF	; 255
     b68:	7f 4f       	sbci	r23, 0xFF	; 255
     b6a:	8f 4f       	sbci	r24, 0xFF	; 255
     b6c:	9f 4f       	sbci	r25, 0xFF	; 255
     b6e:	08 95       	ret

00000b70 <__fp_split3>:
     b70:	57 fd       	sbrc	r21, 7
     b72:	90 58       	subi	r25, 0x80	; 128
     b74:	44 0f       	add	r20, r20
     b76:	55 1f       	adc	r21, r21
     b78:	59 f0       	breq	.+22     	; 0xb90 <__fp_splitA+0x10>
     b7a:	5f 3f       	cpi	r21, 0xFF	; 255
     b7c:	71 f0       	breq	.+28     	; 0xb9a <__fp_splitA+0x1a>
     b7e:	47 95       	ror	r20

00000b80 <__fp_splitA>:
     b80:	88 0f       	add	r24, r24
     b82:	97 fb       	bst	r25, 7
     b84:	99 1f       	adc	r25, r25
     b86:	61 f0       	breq	.+24     	; 0xba0 <__fp_splitA+0x20>
     b88:	9f 3f       	cpi	r25, 0xFF	; 255
     b8a:	79 f0       	breq	.+30     	; 0xbaa <__fp_splitA+0x2a>
     b8c:	87 95       	ror	r24
     b8e:	08 95       	ret
     b90:	12 16       	cp	r1, r18
     b92:	13 06       	cpc	r1, r19
     b94:	14 06       	cpc	r1, r20
     b96:	55 1f       	adc	r21, r21
     b98:	f2 cf       	rjmp	.-28     	; 0xb7e <__fp_split3+0xe>
     b9a:	46 95       	lsr	r20
     b9c:	f1 df       	rcall	.-30     	; 0xb80 <__fp_splitA>
     b9e:	08 c0       	rjmp	.+16     	; 0xbb0 <__fp_splitA+0x30>
     ba0:	16 16       	cp	r1, r22
     ba2:	17 06       	cpc	r1, r23
     ba4:	18 06       	cpc	r1, r24
     ba6:	99 1f       	adc	r25, r25
     ba8:	f1 cf       	rjmp	.-30     	; 0xb8c <__fp_splitA+0xc>
     baa:	86 95       	lsr	r24
     bac:	71 05       	cpc	r23, r1
     bae:	61 05       	cpc	r22, r1
     bb0:	08 94       	sec
     bb2:	08 95       	ret

00000bb4 <__fp_zero>:
     bb4:	e8 94       	clt

00000bb6 <__fp_szero>:
     bb6:	bb 27       	eor	r27, r27
     bb8:	66 27       	eor	r22, r22
     bba:	77 27       	eor	r23, r23
     bbc:	cb 01       	movw	r24, r22
     bbe:	97 f9       	bld	r25, 7
     bc0:	08 95       	ret

00000bc2 <vfprintf>:
     bc2:	a0 e1       	ldi	r26, 0x10	; 16
     bc4:	b0 e0       	ldi	r27, 0x00	; 0
     bc6:	e7 ee       	ldi	r30, 0xE7	; 231
     bc8:	f5 e0       	ldi	r31, 0x05	; 5
     bca:	0c 94 80 09 	jmp	0x1300	; 0x1300 <__prologue_saves__>
     bce:	7c 01       	movw	r14, r24
     bd0:	1b 01       	movw	r2, r22
     bd2:	6a 01       	movw	r12, r20
     bd4:	fc 01       	movw	r30, r24
     bd6:	17 82       	std	Z+7, r1	; 0x07
     bd8:	16 82       	std	Z+6, r1	; 0x06
     bda:	83 81       	ldd	r24, Z+3	; 0x03
     bdc:	81 ff       	sbrs	r24, 1
     bde:	44 c3       	rjmp	.+1672   	; 0x1268 <vfprintf+0x6a6>
     be0:	9e 01       	movw	r18, r28
     be2:	2f 5f       	subi	r18, 0xFF	; 255
     be4:	3f 4f       	sbci	r19, 0xFF	; 255
     be6:	39 01       	movw	r6, r18
     be8:	f7 01       	movw	r30, r14
     bea:	93 81       	ldd	r25, Z+3	; 0x03
     bec:	f1 01       	movw	r30, r2
     bee:	93 fd       	sbrc	r25, 3
     bf0:	85 91       	lpm	r24, Z+
     bf2:	93 ff       	sbrs	r25, 3
     bf4:	81 91       	ld	r24, Z+
     bf6:	1f 01       	movw	r2, r30
     bf8:	88 23       	and	r24, r24
     bfa:	09 f4       	brne	.+2      	; 0xbfe <vfprintf+0x3c>
     bfc:	31 c3       	rjmp	.+1634   	; 0x1260 <vfprintf+0x69e>
     bfe:	85 32       	cpi	r24, 0x25	; 37
     c00:	39 f4       	brne	.+14     	; 0xc10 <vfprintf+0x4e>
     c02:	93 fd       	sbrc	r25, 3
     c04:	85 91       	lpm	r24, Z+
     c06:	93 ff       	sbrs	r25, 3
     c08:	81 91       	ld	r24, Z+
     c0a:	1f 01       	movw	r2, r30
     c0c:	85 32       	cpi	r24, 0x25	; 37
     c0e:	39 f4       	brne	.+14     	; 0xc1e <vfprintf+0x5c>
     c10:	b7 01       	movw	r22, r14
     c12:	90 e0       	ldi	r25, 0x00	; 0
     c14:	0e 94 a5 0a 	call	0x154a	; 0x154a <fputc>
     c18:	56 01       	movw	r10, r12
     c1a:	65 01       	movw	r12, r10
     c1c:	e5 cf       	rjmp	.-54     	; 0xbe8 <vfprintf+0x26>
     c1e:	10 e0       	ldi	r17, 0x00	; 0
     c20:	51 2c       	mov	r5, r1
     c22:	91 2c       	mov	r9, r1
     c24:	ff e1       	ldi	r31, 0x1F	; 31
     c26:	f9 15       	cp	r31, r9
     c28:	d8 f0       	brcs	.+54     	; 0xc60 <vfprintf+0x9e>
     c2a:	8b 32       	cpi	r24, 0x2B	; 43
     c2c:	79 f0       	breq	.+30     	; 0xc4c <vfprintf+0x8a>
     c2e:	38 f4       	brcc	.+14     	; 0xc3e <vfprintf+0x7c>
     c30:	80 32       	cpi	r24, 0x20	; 32
     c32:	79 f0       	breq	.+30     	; 0xc52 <vfprintf+0x90>
     c34:	83 32       	cpi	r24, 0x23	; 35
     c36:	a1 f4       	brne	.+40     	; 0xc60 <vfprintf+0x9e>
     c38:	f9 2d       	mov	r31, r9
     c3a:	f0 61       	ori	r31, 0x10	; 16
     c3c:	2e c0       	rjmp	.+92     	; 0xc9a <vfprintf+0xd8>
     c3e:	8d 32       	cpi	r24, 0x2D	; 45
     c40:	61 f0       	breq	.+24     	; 0xc5a <vfprintf+0x98>
     c42:	80 33       	cpi	r24, 0x30	; 48
     c44:	69 f4       	brne	.+26     	; 0xc60 <vfprintf+0x9e>
     c46:	29 2d       	mov	r18, r9
     c48:	21 60       	ori	r18, 0x01	; 1
     c4a:	2d c0       	rjmp	.+90     	; 0xca6 <vfprintf+0xe4>
     c4c:	39 2d       	mov	r19, r9
     c4e:	32 60       	ori	r19, 0x02	; 2
     c50:	93 2e       	mov	r9, r19
     c52:	89 2d       	mov	r24, r9
     c54:	84 60       	ori	r24, 0x04	; 4
     c56:	98 2e       	mov	r9, r24
     c58:	2a c0       	rjmp	.+84     	; 0xcae <vfprintf+0xec>
     c5a:	e9 2d       	mov	r30, r9
     c5c:	e8 60       	ori	r30, 0x08	; 8
     c5e:	15 c0       	rjmp	.+42     	; 0xc8a <vfprintf+0xc8>
     c60:	97 fc       	sbrc	r9, 7
     c62:	2d c0       	rjmp	.+90     	; 0xcbe <vfprintf+0xfc>
     c64:	20 ed       	ldi	r18, 0xD0	; 208
     c66:	28 0f       	add	r18, r24
     c68:	2a 30       	cpi	r18, 0x0A	; 10
     c6a:	88 f4       	brcc	.+34     	; 0xc8e <vfprintf+0xcc>
     c6c:	96 fe       	sbrs	r9, 6
     c6e:	06 c0       	rjmp	.+12     	; 0xc7c <vfprintf+0xba>
     c70:	3a e0       	ldi	r19, 0x0A	; 10
     c72:	13 9f       	mul	r17, r19
     c74:	20 0d       	add	r18, r0
     c76:	11 24       	eor	r1, r1
     c78:	12 2f       	mov	r17, r18
     c7a:	19 c0       	rjmp	.+50     	; 0xcae <vfprintf+0xec>
     c7c:	8a e0       	ldi	r24, 0x0A	; 10
     c7e:	58 9e       	mul	r5, r24
     c80:	20 0d       	add	r18, r0
     c82:	11 24       	eor	r1, r1
     c84:	52 2e       	mov	r5, r18
     c86:	e9 2d       	mov	r30, r9
     c88:	e0 62       	ori	r30, 0x20	; 32
     c8a:	9e 2e       	mov	r9, r30
     c8c:	10 c0       	rjmp	.+32     	; 0xcae <vfprintf+0xec>
     c8e:	8e 32       	cpi	r24, 0x2E	; 46
     c90:	31 f4       	brne	.+12     	; 0xc9e <vfprintf+0xdc>
     c92:	96 fc       	sbrc	r9, 6
     c94:	e5 c2       	rjmp	.+1482   	; 0x1260 <vfprintf+0x69e>
     c96:	f9 2d       	mov	r31, r9
     c98:	f0 64       	ori	r31, 0x40	; 64
     c9a:	9f 2e       	mov	r9, r31
     c9c:	08 c0       	rjmp	.+16     	; 0xcae <vfprintf+0xec>
     c9e:	8c 36       	cpi	r24, 0x6C	; 108
     ca0:	21 f4       	brne	.+8      	; 0xcaa <vfprintf+0xe8>
     ca2:	29 2d       	mov	r18, r9
     ca4:	20 68       	ori	r18, 0x80	; 128
     ca6:	92 2e       	mov	r9, r18
     ca8:	02 c0       	rjmp	.+4      	; 0xcae <vfprintf+0xec>
     caa:	88 36       	cpi	r24, 0x68	; 104
     cac:	41 f4       	brne	.+16     	; 0xcbe <vfprintf+0xfc>
     cae:	f1 01       	movw	r30, r2
     cb0:	93 fd       	sbrc	r25, 3
     cb2:	85 91       	lpm	r24, Z+
     cb4:	93 ff       	sbrs	r25, 3
     cb6:	81 91       	ld	r24, Z+
     cb8:	1f 01       	movw	r2, r30
     cba:	81 11       	cpse	r24, r1
     cbc:	b3 cf       	rjmp	.-154    	; 0xc24 <vfprintf+0x62>
     cbe:	9b eb       	ldi	r25, 0xBB	; 187
     cc0:	98 0f       	add	r25, r24
     cc2:	93 30       	cpi	r25, 0x03	; 3
     cc4:	20 f4       	brcc	.+8      	; 0xcce <vfprintf+0x10c>
     cc6:	99 2d       	mov	r25, r9
     cc8:	90 61       	ori	r25, 0x10	; 16
     cca:	80 5e       	subi	r24, 0xE0	; 224
     ccc:	07 c0       	rjmp	.+14     	; 0xcdc <vfprintf+0x11a>
     cce:	9b e9       	ldi	r25, 0x9B	; 155
     cd0:	98 0f       	add	r25, r24
     cd2:	93 30       	cpi	r25, 0x03	; 3
     cd4:	08 f0       	brcs	.+2      	; 0xcd8 <vfprintf+0x116>
     cd6:	66 c1       	rjmp	.+716    	; 0xfa4 <vfprintf+0x3e2>
     cd8:	99 2d       	mov	r25, r9
     cda:	9f 7e       	andi	r25, 0xEF	; 239
     cdc:	96 ff       	sbrs	r25, 6
     cde:	16 e0       	ldi	r17, 0x06	; 6
     ce0:	9f 73       	andi	r25, 0x3F	; 63
     ce2:	99 2e       	mov	r9, r25
     ce4:	85 36       	cpi	r24, 0x65	; 101
     ce6:	19 f4       	brne	.+6      	; 0xcee <vfprintf+0x12c>
     ce8:	90 64       	ori	r25, 0x40	; 64
     cea:	99 2e       	mov	r9, r25
     cec:	08 c0       	rjmp	.+16     	; 0xcfe <vfprintf+0x13c>
     cee:	86 36       	cpi	r24, 0x66	; 102
     cf0:	21 f4       	brne	.+8      	; 0xcfa <vfprintf+0x138>
     cf2:	39 2f       	mov	r19, r25
     cf4:	30 68       	ori	r19, 0x80	; 128
     cf6:	93 2e       	mov	r9, r19
     cf8:	02 c0       	rjmp	.+4      	; 0xcfe <vfprintf+0x13c>
     cfa:	11 11       	cpse	r17, r1
     cfc:	11 50       	subi	r17, 0x01	; 1
     cfe:	97 fe       	sbrs	r9, 7
     d00:	07 c0       	rjmp	.+14     	; 0xd10 <vfprintf+0x14e>
     d02:	1c 33       	cpi	r17, 0x3C	; 60
     d04:	50 f4       	brcc	.+20     	; 0xd1a <vfprintf+0x158>
     d06:	44 24       	eor	r4, r4
     d08:	43 94       	inc	r4
     d0a:	41 0e       	add	r4, r17
     d0c:	27 e0       	ldi	r18, 0x07	; 7
     d0e:	0b c0       	rjmp	.+22     	; 0xd26 <vfprintf+0x164>
     d10:	18 30       	cpi	r17, 0x08	; 8
     d12:	38 f0       	brcs	.+14     	; 0xd22 <vfprintf+0x160>
     d14:	27 e0       	ldi	r18, 0x07	; 7
     d16:	17 e0       	ldi	r17, 0x07	; 7
     d18:	05 c0       	rjmp	.+10     	; 0xd24 <vfprintf+0x162>
     d1a:	27 e0       	ldi	r18, 0x07	; 7
     d1c:	9c e3       	ldi	r25, 0x3C	; 60
     d1e:	49 2e       	mov	r4, r25
     d20:	02 c0       	rjmp	.+4      	; 0xd26 <vfprintf+0x164>
     d22:	21 2f       	mov	r18, r17
     d24:	41 2c       	mov	r4, r1
     d26:	56 01       	movw	r10, r12
     d28:	84 e0       	ldi	r24, 0x04	; 4
     d2a:	a8 0e       	add	r10, r24
     d2c:	b1 1c       	adc	r11, r1
     d2e:	f6 01       	movw	r30, r12
     d30:	60 81       	ld	r22, Z
     d32:	71 81       	ldd	r23, Z+1	; 0x01
     d34:	82 81       	ldd	r24, Z+2	; 0x02
     d36:	93 81       	ldd	r25, Z+3	; 0x03
     d38:	04 2d       	mov	r16, r4
     d3a:	a3 01       	movw	r20, r6
     d3c:	0e 94 b7 09 	call	0x136e	; 0x136e <__ftoa_engine>
     d40:	6c 01       	movw	r12, r24
     d42:	f9 81       	ldd	r31, Y+1	; 0x01
     d44:	fc 87       	std	Y+12, r31	; 0x0c
     d46:	f0 ff       	sbrs	r31, 0
     d48:	02 c0       	rjmp	.+4      	; 0xd4e <vfprintf+0x18c>
     d4a:	f3 ff       	sbrs	r31, 3
     d4c:	06 c0       	rjmp	.+12     	; 0xd5a <vfprintf+0x198>
     d4e:	91 fc       	sbrc	r9, 1
     d50:	06 c0       	rjmp	.+12     	; 0xd5e <vfprintf+0x19c>
     d52:	92 fe       	sbrs	r9, 2
     d54:	06 c0       	rjmp	.+12     	; 0xd62 <vfprintf+0x1a0>
     d56:	00 e2       	ldi	r16, 0x20	; 32
     d58:	05 c0       	rjmp	.+10     	; 0xd64 <vfprintf+0x1a2>
     d5a:	0d e2       	ldi	r16, 0x2D	; 45
     d5c:	03 c0       	rjmp	.+6      	; 0xd64 <vfprintf+0x1a2>
     d5e:	0b e2       	ldi	r16, 0x2B	; 43
     d60:	01 c0       	rjmp	.+2      	; 0xd64 <vfprintf+0x1a2>
     d62:	00 e0       	ldi	r16, 0x00	; 0
     d64:	8c 85       	ldd	r24, Y+12	; 0x0c
     d66:	8c 70       	andi	r24, 0x0C	; 12
     d68:	19 f0       	breq	.+6      	; 0xd70 <vfprintf+0x1ae>
     d6a:	01 11       	cpse	r16, r1
     d6c:	5a c2       	rjmp	.+1204   	; 0x1222 <vfprintf+0x660>
     d6e:	9b c2       	rjmp	.+1334   	; 0x12a6 <vfprintf+0x6e4>
     d70:	97 fe       	sbrs	r9, 7
     d72:	10 c0       	rjmp	.+32     	; 0xd94 <vfprintf+0x1d2>
     d74:	4c 0c       	add	r4, r12
     d76:	fc 85       	ldd	r31, Y+12	; 0x0c
     d78:	f4 ff       	sbrs	r31, 4
     d7a:	04 c0       	rjmp	.+8      	; 0xd84 <vfprintf+0x1c2>
     d7c:	8a 81       	ldd	r24, Y+2	; 0x02
     d7e:	81 33       	cpi	r24, 0x31	; 49
     d80:	09 f4       	brne	.+2      	; 0xd84 <vfprintf+0x1c2>
     d82:	4a 94       	dec	r4
     d84:	14 14       	cp	r1, r4
     d86:	74 f5       	brge	.+92     	; 0xde4 <vfprintf+0x222>
     d88:	28 e0       	ldi	r18, 0x08	; 8
     d8a:	24 15       	cp	r18, r4
     d8c:	78 f5       	brcc	.+94     	; 0xdec <vfprintf+0x22a>
     d8e:	88 e0       	ldi	r24, 0x08	; 8
     d90:	48 2e       	mov	r4, r24
     d92:	2c c0       	rjmp	.+88     	; 0xdec <vfprintf+0x22a>
     d94:	96 fc       	sbrc	r9, 6
     d96:	2a c0       	rjmp	.+84     	; 0xdec <vfprintf+0x22a>
     d98:	81 2f       	mov	r24, r17
     d9a:	90 e0       	ldi	r25, 0x00	; 0
     d9c:	8c 15       	cp	r24, r12
     d9e:	9d 05       	cpc	r25, r13
     da0:	9c f0       	brlt	.+38     	; 0xdc8 <vfprintf+0x206>
     da2:	3c ef       	ldi	r19, 0xFC	; 252
     da4:	c3 16       	cp	r12, r19
     da6:	3f ef       	ldi	r19, 0xFF	; 255
     da8:	d3 06       	cpc	r13, r19
     daa:	74 f0       	brlt	.+28     	; 0xdc8 <vfprintf+0x206>
     dac:	89 2d       	mov	r24, r9
     dae:	80 68       	ori	r24, 0x80	; 128
     db0:	98 2e       	mov	r9, r24
     db2:	0a c0       	rjmp	.+20     	; 0xdc8 <vfprintf+0x206>
     db4:	e2 e0       	ldi	r30, 0x02	; 2
     db6:	f0 e0       	ldi	r31, 0x00	; 0
     db8:	ec 0f       	add	r30, r28
     dba:	fd 1f       	adc	r31, r29
     dbc:	e1 0f       	add	r30, r17
     dbe:	f1 1d       	adc	r31, r1
     dc0:	80 81       	ld	r24, Z
     dc2:	80 33       	cpi	r24, 0x30	; 48
     dc4:	19 f4       	brne	.+6      	; 0xdcc <vfprintf+0x20a>
     dc6:	11 50       	subi	r17, 0x01	; 1
     dc8:	11 11       	cpse	r17, r1
     dca:	f4 cf       	rjmp	.-24     	; 0xdb4 <vfprintf+0x1f2>
     dcc:	97 fe       	sbrs	r9, 7
     dce:	0e c0       	rjmp	.+28     	; 0xdec <vfprintf+0x22a>
     dd0:	44 24       	eor	r4, r4
     dd2:	43 94       	inc	r4
     dd4:	41 0e       	add	r4, r17
     dd6:	81 2f       	mov	r24, r17
     dd8:	90 e0       	ldi	r25, 0x00	; 0
     dda:	c8 16       	cp	r12, r24
     ddc:	d9 06       	cpc	r13, r25
     dde:	2c f4       	brge	.+10     	; 0xdea <vfprintf+0x228>
     de0:	1c 19       	sub	r17, r12
     de2:	04 c0       	rjmp	.+8      	; 0xdec <vfprintf+0x22a>
     de4:	44 24       	eor	r4, r4
     de6:	43 94       	inc	r4
     de8:	01 c0       	rjmp	.+2      	; 0xdec <vfprintf+0x22a>
     dea:	10 e0       	ldi	r17, 0x00	; 0
     dec:	97 fe       	sbrs	r9, 7
     dee:	06 c0       	rjmp	.+12     	; 0xdfc <vfprintf+0x23a>
     df0:	1c 14       	cp	r1, r12
     df2:	1d 04       	cpc	r1, r13
     df4:	34 f4       	brge	.+12     	; 0xe02 <vfprintf+0x240>
     df6:	c6 01       	movw	r24, r12
     df8:	01 96       	adiw	r24, 0x01	; 1
     dfa:	05 c0       	rjmp	.+10     	; 0xe06 <vfprintf+0x244>
     dfc:	85 e0       	ldi	r24, 0x05	; 5
     dfe:	90 e0       	ldi	r25, 0x00	; 0
     e00:	02 c0       	rjmp	.+4      	; 0xe06 <vfprintf+0x244>
     e02:	81 e0       	ldi	r24, 0x01	; 1
     e04:	90 e0       	ldi	r25, 0x00	; 0
     e06:	01 11       	cpse	r16, r1
     e08:	01 96       	adiw	r24, 0x01	; 1
     e0a:	11 23       	and	r17, r17
     e0c:	31 f0       	breq	.+12     	; 0xe1a <vfprintf+0x258>
     e0e:	21 2f       	mov	r18, r17
     e10:	30 e0       	ldi	r19, 0x00	; 0
     e12:	2f 5f       	subi	r18, 0xFF	; 255
     e14:	3f 4f       	sbci	r19, 0xFF	; 255
     e16:	82 0f       	add	r24, r18
     e18:	93 1f       	adc	r25, r19
     e1a:	25 2d       	mov	r18, r5
     e1c:	30 e0       	ldi	r19, 0x00	; 0
     e1e:	82 17       	cp	r24, r18
     e20:	93 07       	cpc	r25, r19
     e22:	14 f4       	brge	.+4      	; 0xe28 <vfprintf+0x266>
     e24:	58 1a       	sub	r5, r24
     e26:	01 c0       	rjmp	.+2      	; 0xe2a <vfprintf+0x268>
     e28:	51 2c       	mov	r5, r1
     e2a:	89 2d       	mov	r24, r9
     e2c:	89 70       	andi	r24, 0x09	; 9
     e2e:	49 f4       	brne	.+18     	; 0xe42 <vfprintf+0x280>
     e30:	55 20       	and	r5, r5
     e32:	39 f0       	breq	.+14     	; 0xe42 <vfprintf+0x280>
     e34:	b7 01       	movw	r22, r14
     e36:	80 e2       	ldi	r24, 0x20	; 32
     e38:	90 e0       	ldi	r25, 0x00	; 0
     e3a:	0e 94 a5 0a 	call	0x154a	; 0x154a <fputc>
     e3e:	5a 94       	dec	r5
     e40:	f7 cf       	rjmp	.-18     	; 0xe30 <vfprintf+0x26e>
     e42:	00 23       	and	r16, r16
     e44:	29 f0       	breq	.+10     	; 0xe50 <vfprintf+0x28e>
     e46:	b7 01       	movw	r22, r14
     e48:	80 2f       	mov	r24, r16
     e4a:	90 e0       	ldi	r25, 0x00	; 0
     e4c:	0e 94 a5 0a 	call	0x154a	; 0x154a <fputc>
     e50:	93 fc       	sbrc	r9, 3
     e52:	09 c0       	rjmp	.+18     	; 0xe66 <vfprintf+0x2a4>
     e54:	55 20       	and	r5, r5
     e56:	39 f0       	breq	.+14     	; 0xe66 <vfprintf+0x2a4>
     e58:	b7 01       	movw	r22, r14
     e5a:	80 e3       	ldi	r24, 0x30	; 48
     e5c:	90 e0       	ldi	r25, 0x00	; 0
     e5e:	0e 94 a5 0a 	call	0x154a	; 0x154a <fputc>
     e62:	5a 94       	dec	r5
     e64:	f7 cf       	rjmp	.-18     	; 0xe54 <vfprintf+0x292>
     e66:	97 fe       	sbrs	r9, 7
     e68:	4c c0       	rjmp	.+152    	; 0xf02 <vfprintf+0x340>
     e6a:	46 01       	movw	r8, r12
     e6c:	d7 fe       	sbrs	r13, 7
     e6e:	02 c0       	rjmp	.+4      	; 0xe74 <vfprintf+0x2b2>
     e70:	81 2c       	mov	r8, r1
     e72:	91 2c       	mov	r9, r1
     e74:	c6 01       	movw	r24, r12
     e76:	88 19       	sub	r24, r8
     e78:	99 09       	sbc	r25, r9
     e7a:	f3 01       	movw	r30, r6
     e7c:	e8 0f       	add	r30, r24
     e7e:	f9 1f       	adc	r31, r25
     e80:	fe 87       	std	Y+14, r31	; 0x0e
     e82:	ed 87       	std	Y+13, r30	; 0x0d
     e84:	96 01       	movw	r18, r12
     e86:	24 19       	sub	r18, r4
     e88:	31 09       	sbc	r19, r1
     e8a:	38 8b       	std	Y+16, r19	; 0x10
     e8c:	2f 87       	std	Y+15, r18	; 0x0f
     e8e:	01 2f       	mov	r16, r17
     e90:	10 e0       	ldi	r17, 0x00	; 0
     e92:	11 95       	neg	r17
     e94:	01 95       	neg	r16
     e96:	11 09       	sbc	r17, r1
     e98:	3f ef       	ldi	r19, 0xFF	; 255
     e9a:	83 16       	cp	r8, r19
     e9c:	93 06       	cpc	r9, r19
     e9e:	29 f4       	brne	.+10     	; 0xeaa <vfprintf+0x2e8>
     ea0:	b7 01       	movw	r22, r14
     ea2:	8e e2       	ldi	r24, 0x2E	; 46
     ea4:	90 e0       	ldi	r25, 0x00	; 0
     ea6:	0e 94 a5 0a 	call	0x154a	; 0x154a <fputc>
     eaa:	c8 14       	cp	r12, r8
     eac:	d9 04       	cpc	r13, r9
     eae:	4c f0       	brlt	.+18     	; 0xec2 <vfprintf+0x300>
     eb0:	8f 85       	ldd	r24, Y+15	; 0x0f
     eb2:	98 89       	ldd	r25, Y+16	; 0x10
     eb4:	88 15       	cp	r24, r8
     eb6:	99 05       	cpc	r25, r9
     eb8:	24 f4       	brge	.+8      	; 0xec2 <vfprintf+0x300>
     eba:	ed 85       	ldd	r30, Y+13	; 0x0d
     ebc:	fe 85       	ldd	r31, Y+14	; 0x0e
     ebe:	81 81       	ldd	r24, Z+1	; 0x01
     ec0:	01 c0       	rjmp	.+2      	; 0xec4 <vfprintf+0x302>
     ec2:	80 e3       	ldi	r24, 0x30	; 48
     ec4:	f1 e0       	ldi	r31, 0x01	; 1
     ec6:	8f 1a       	sub	r8, r31
     ec8:	91 08       	sbc	r9, r1
     eca:	2d 85       	ldd	r18, Y+13	; 0x0d
     ecc:	3e 85       	ldd	r19, Y+14	; 0x0e
     ece:	2f 5f       	subi	r18, 0xFF	; 255
     ed0:	3f 4f       	sbci	r19, 0xFF	; 255
     ed2:	3e 87       	std	Y+14, r19	; 0x0e
     ed4:	2d 87       	std	Y+13, r18	; 0x0d
     ed6:	80 16       	cp	r8, r16
     ed8:	91 06       	cpc	r9, r17
     eda:	2c f0       	brlt	.+10     	; 0xee6 <vfprintf+0x324>
     edc:	b7 01       	movw	r22, r14
     ede:	90 e0       	ldi	r25, 0x00	; 0
     ee0:	0e 94 a5 0a 	call	0x154a	; 0x154a <fputc>
     ee4:	d9 cf       	rjmp	.-78     	; 0xe98 <vfprintf+0x2d6>
     ee6:	c8 14       	cp	r12, r8
     ee8:	d9 04       	cpc	r13, r9
     eea:	41 f4       	brne	.+16     	; 0xefc <vfprintf+0x33a>
     eec:	9a 81       	ldd	r25, Y+2	; 0x02
     eee:	96 33       	cpi	r25, 0x36	; 54
     ef0:	20 f4       	brcc	.+8      	; 0xefa <vfprintf+0x338>
     ef2:	95 33       	cpi	r25, 0x35	; 53
     ef4:	19 f4       	brne	.+6      	; 0xefc <vfprintf+0x33a>
     ef6:	3c 85       	ldd	r19, Y+12	; 0x0c
     ef8:	34 ff       	sbrs	r19, 4
     efa:	81 e3       	ldi	r24, 0x31	; 49
     efc:	b7 01       	movw	r22, r14
     efe:	90 e0       	ldi	r25, 0x00	; 0
     f00:	4e c0       	rjmp	.+156    	; 0xf9e <vfprintf+0x3dc>
     f02:	8a 81       	ldd	r24, Y+2	; 0x02
     f04:	81 33       	cpi	r24, 0x31	; 49
     f06:	19 f0       	breq	.+6      	; 0xf0e <vfprintf+0x34c>
     f08:	9c 85       	ldd	r25, Y+12	; 0x0c
     f0a:	9f 7e       	andi	r25, 0xEF	; 239
     f0c:	9c 87       	std	Y+12, r25	; 0x0c
     f0e:	b7 01       	movw	r22, r14
     f10:	90 e0       	ldi	r25, 0x00	; 0
     f12:	0e 94 a5 0a 	call	0x154a	; 0x154a <fputc>
     f16:	11 11       	cpse	r17, r1
     f18:	05 c0       	rjmp	.+10     	; 0xf24 <vfprintf+0x362>
     f1a:	94 fc       	sbrc	r9, 4
     f1c:	18 c0       	rjmp	.+48     	; 0xf4e <vfprintf+0x38c>
     f1e:	85 e6       	ldi	r24, 0x65	; 101
     f20:	90 e0       	ldi	r25, 0x00	; 0
     f22:	17 c0       	rjmp	.+46     	; 0xf52 <vfprintf+0x390>
     f24:	b7 01       	movw	r22, r14
     f26:	8e e2       	ldi	r24, 0x2E	; 46
     f28:	90 e0       	ldi	r25, 0x00	; 0
     f2a:	0e 94 a5 0a 	call	0x154a	; 0x154a <fputc>
     f2e:	1e 5f       	subi	r17, 0xFE	; 254
     f30:	82 e0       	ldi	r24, 0x02	; 2
     f32:	01 e0       	ldi	r16, 0x01	; 1
     f34:	08 0f       	add	r16, r24
     f36:	f3 01       	movw	r30, r6
     f38:	e8 0f       	add	r30, r24
     f3a:	f1 1d       	adc	r31, r1
     f3c:	80 81       	ld	r24, Z
     f3e:	b7 01       	movw	r22, r14
     f40:	90 e0       	ldi	r25, 0x00	; 0
     f42:	0e 94 a5 0a 	call	0x154a	; 0x154a <fputc>
     f46:	80 2f       	mov	r24, r16
     f48:	01 13       	cpse	r16, r17
     f4a:	f3 cf       	rjmp	.-26     	; 0xf32 <vfprintf+0x370>
     f4c:	e6 cf       	rjmp	.-52     	; 0xf1a <vfprintf+0x358>
     f4e:	85 e4       	ldi	r24, 0x45	; 69
     f50:	90 e0       	ldi	r25, 0x00	; 0
     f52:	b7 01       	movw	r22, r14
     f54:	0e 94 a5 0a 	call	0x154a	; 0x154a <fputc>
     f58:	d7 fc       	sbrc	r13, 7
     f5a:	06 c0       	rjmp	.+12     	; 0xf68 <vfprintf+0x3a6>
     f5c:	c1 14       	cp	r12, r1
     f5e:	d1 04       	cpc	r13, r1
     f60:	41 f4       	brne	.+16     	; 0xf72 <vfprintf+0x3b0>
     f62:	ec 85       	ldd	r30, Y+12	; 0x0c
     f64:	e4 ff       	sbrs	r30, 4
     f66:	05 c0       	rjmp	.+10     	; 0xf72 <vfprintf+0x3b0>
     f68:	d1 94       	neg	r13
     f6a:	c1 94       	neg	r12
     f6c:	d1 08       	sbc	r13, r1
     f6e:	8d e2       	ldi	r24, 0x2D	; 45
     f70:	01 c0       	rjmp	.+2      	; 0xf74 <vfprintf+0x3b2>
     f72:	8b e2       	ldi	r24, 0x2B	; 43
     f74:	b7 01       	movw	r22, r14
     f76:	90 e0       	ldi	r25, 0x00	; 0
     f78:	0e 94 a5 0a 	call	0x154a	; 0x154a <fputc>
     f7c:	80 e3       	ldi	r24, 0x30	; 48
     f7e:	2a e0       	ldi	r18, 0x0A	; 10
     f80:	c2 16       	cp	r12, r18
     f82:	d1 04       	cpc	r13, r1
     f84:	2c f0       	brlt	.+10     	; 0xf90 <vfprintf+0x3ce>
     f86:	8f 5f       	subi	r24, 0xFF	; 255
     f88:	fa e0       	ldi	r31, 0x0A	; 10
     f8a:	cf 1a       	sub	r12, r31
     f8c:	d1 08       	sbc	r13, r1
     f8e:	f7 cf       	rjmp	.-18     	; 0xf7e <vfprintf+0x3bc>
     f90:	b7 01       	movw	r22, r14
     f92:	90 e0       	ldi	r25, 0x00	; 0
     f94:	0e 94 a5 0a 	call	0x154a	; 0x154a <fputc>
     f98:	b7 01       	movw	r22, r14
     f9a:	c6 01       	movw	r24, r12
     f9c:	c0 96       	adiw	r24, 0x30	; 48
     f9e:	0e 94 a5 0a 	call	0x154a	; 0x154a <fputc>
     fa2:	54 c1       	rjmp	.+680    	; 0x124c <vfprintf+0x68a>
     fa4:	83 36       	cpi	r24, 0x63	; 99
     fa6:	31 f0       	breq	.+12     	; 0xfb4 <vfprintf+0x3f2>
     fa8:	83 37       	cpi	r24, 0x73	; 115
     faa:	79 f0       	breq	.+30     	; 0xfca <vfprintf+0x408>
     fac:	83 35       	cpi	r24, 0x53	; 83
     fae:	09 f0       	breq	.+2      	; 0xfb2 <vfprintf+0x3f0>
     fb0:	56 c0       	rjmp	.+172    	; 0x105e <vfprintf+0x49c>
     fb2:	20 c0       	rjmp	.+64     	; 0xff4 <vfprintf+0x432>
     fb4:	56 01       	movw	r10, r12
     fb6:	32 e0       	ldi	r19, 0x02	; 2
     fb8:	a3 0e       	add	r10, r19
     fba:	b1 1c       	adc	r11, r1
     fbc:	f6 01       	movw	r30, r12
     fbe:	80 81       	ld	r24, Z
     fc0:	89 83       	std	Y+1, r24	; 0x01
     fc2:	01 e0       	ldi	r16, 0x01	; 1
     fc4:	10 e0       	ldi	r17, 0x00	; 0
     fc6:	63 01       	movw	r12, r6
     fc8:	12 c0       	rjmp	.+36     	; 0xfee <vfprintf+0x42c>
     fca:	56 01       	movw	r10, r12
     fcc:	f2 e0       	ldi	r31, 0x02	; 2
     fce:	af 0e       	add	r10, r31
     fd0:	b1 1c       	adc	r11, r1
     fd2:	f6 01       	movw	r30, r12
     fd4:	c0 80       	ld	r12, Z
     fd6:	d1 80       	ldd	r13, Z+1	; 0x01
     fd8:	96 fe       	sbrs	r9, 6
     fda:	03 c0       	rjmp	.+6      	; 0xfe2 <vfprintf+0x420>
     fdc:	61 2f       	mov	r22, r17
     fde:	70 e0       	ldi	r23, 0x00	; 0
     fe0:	02 c0       	rjmp	.+4      	; 0xfe6 <vfprintf+0x424>
     fe2:	6f ef       	ldi	r22, 0xFF	; 255
     fe4:	7f ef       	ldi	r23, 0xFF	; 255
     fe6:	c6 01       	movw	r24, r12
     fe8:	0e 94 9a 0a 	call	0x1534	; 0x1534 <strnlen>
     fec:	8c 01       	movw	r16, r24
     fee:	f9 2d       	mov	r31, r9
     ff0:	ff 77       	andi	r31, 0x7F	; 127
     ff2:	14 c0       	rjmp	.+40     	; 0x101c <vfprintf+0x45a>
     ff4:	56 01       	movw	r10, r12
     ff6:	22 e0       	ldi	r18, 0x02	; 2
     ff8:	a2 0e       	add	r10, r18
     ffa:	b1 1c       	adc	r11, r1
     ffc:	f6 01       	movw	r30, r12
     ffe:	c0 80       	ld	r12, Z
    1000:	d1 80       	ldd	r13, Z+1	; 0x01
    1002:	96 fe       	sbrs	r9, 6
    1004:	03 c0       	rjmp	.+6      	; 0x100c <vfprintf+0x44a>
    1006:	61 2f       	mov	r22, r17
    1008:	70 e0       	ldi	r23, 0x00	; 0
    100a:	02 c0       	rjmp	.+4      	; 0x1010 <vfprintf+0x44e>
    100c:	6f ef       	ldi	r22, 0xFF	; 255
    100e:	7f ef       	ldi	r23, 0xFF	; 255
    1010:	c6 01       	movw	r24, r12
    1012:	0e 94 8f 0a 	call	0x151e	; 0x151e <strnlen_P>
    1016:	8c 01       	movw	r16, r24
    1018:	f9 2d       	mov	r31, r9
    101a:	f0 68       	ori	r31, 0x80	; 128
    101c:	9f 2e       	mov	r9, r31
    101e:	f3 fd       	sbrc	r31, 3
    1020:	1a c0       	rjmp	.+52     	; 0x1056 <vfprintf+0x494>
    1022:	85 2d       	mov	r24, r5
    1024:	90 e0       	ldi	r25, 0x00	; 0
    1026:	08 17       	cp	r16, r24
    1028:	19 07       	cpc	r17, r25
    102a:	a8 f4       	brcc	.+42     	; 0x1056 <vfprintf+0x494>
    102c:	b7 01       	movw	r22, r14
    102e:	80 e2       	ldi	r24, 0x20	; 32
    1030:	90 e0       	ldi	r25, 0x00	; 0
    1032:	0e 94 a5 0a 	call	0x154a	; 0x154a <fputc>
    1036:	5a 94       	dec	r5
    1038:	f4 cf       	rjmp	.-24     	; 0x1022 <vfprintf+0x460>
    103a:	f6 01       	movw	r30, r12
    103c:	97 fc       	sbrc	r9, 7
    103e:	85 91       	lpm	r24, Z+
    1040:	97 fe       	sbrs	r9, 7
    1042:	81 91       	ld	r24, Z+
    1044:	6f 01       	movw	r12, r30
    1046:	b7 01       	movw	r22, r14
    1048:	90 e0       	ldi	r25, 0x00	; 0
    104a:	0e 94 a5 0a 	call	0x154a	; 0x154a <fputc>
    104e:	51 10       	cpse	r5, r1
    1050:	5a 94       	dec	r5
    1052:	01 50       	subi	r16, 0x01	; 1
    1054:	11 09       	sbc	r17, r1
    1056:	01 15       	cp	r16, r1
    1058:	11 05       	cpc	r17, r1
    105a:	79 f7       	brne	.-34     	; 0x103a <vfprintf+0x478>
    105c:	f7 c0       	rjmp	.+494    	; 0x124c <vfprintf+0x68a>
    105e:	84 36       	cpi	r24, 0x64	; 100
    1060:	11 f0       	breq	.+4      	; 0x1066 <vfprintf+0x4a4>
    1062:	89 36       	cpi	r24, 0x69	; 105
    1064:	61 f5       	brne	.+88     	; 0x10be <vfprintf+0x4fc>
    1066:	56 01       	movw	r10, r12
    1068:	97 fe       	sbrs	r9, 7
    106a:	09 c0       	rjmp	.+18     	; 0x107e <vfprintf+0x4bc>
    106c:	24 e0       	ldi	r18, 0x04	; 4
    106e:	a2 0e       	add	r10, r18
    1070:	b1 1c       	adc	r11, r1
    1072:	f6 01       	movw	r30, r12
    1074:	60 81       	ld	r22, Z
    1076:	71 81       	ldd	r23, Z+1	; 0x01
    1078:	82 81       	ldd	r24, Z+2	; 0x02
    107a:	93 81       	ldd	r25, Z+3	; 0x03
    107c:	0a c0       	rjmp	.+20     	; 0x1092 <vfprintf+0x4d0>
    107e:	f2 e0       	ldi	r31, 0x02	; 2
    1080:	af 0e       	add	r10, r31
    1082:	b1 1c       	adc	r11, r1
    1084:	f6 01       	movw	r30, r12
    1086:	60 81       	ld	r22, Z
    1088:	71 81       	ldd	r23, Z+1	; 0x01
    108a:	07 2e       	mov	r0, r23
    108c:	00 0c       	add	r0, r0
    108e:	88 0b       	sbc	r24, r24
    1090:	99 0b       	sbc	r25, r25
    1092:	f9 2d       	mov	r31, r9
    1094:	ff 76       	andi	r31, 0x6F	; 111
    1096:	9f 2e       	mov	r9, r31
    1098:	97 ff       	sbrs	r25, 7
    109a:	09 c0       	rjmp	.+18     	; 0x10ae <vfprintf+0x4ec>
    109c:	90 95       	com	r25
    109e:	80 95       	com	r24
    10a0:	70 95       	com	r23
    10a2:	61 95       	neg	r22
    10a4:	7f 4f       	sbci	r23, 0xFF	; 255
    10a6:	8f 4f       	sbci	r24, 0xFF	; 255
    10a8:	9f 4f       	sbci	r25, 0xFF	; 255
    10aa:	f0 68       	ori	r31, 0x80	; 128
    10ac:	9f 2e       	mov	r9, r31
    10ae:	2a e0       	ldi	r18, 0x0A	; 10
    10b0:	30 e0       	ldi	r19, 0x00	; 0
    10b2:	a3 01       	movw	r20, r6
    10b4:	0e 94 27 0b 	call	0x164e	; 0x164e <__ultoa_invert>
    10b8:	c8 2e       	mov	r12, r24
    10ba:	c6 18       	sub	r12, r6
    10bc:	3f c0       	rjmp	.+126    	; 0x113c <vfprintf+0x57a>
    10be:	09 2d       	mov	r16, r9
    10c0:	85 37       	cpi	r24, 0x75	; 117
    10c2:	21 f4       	brne	.+8      	; 0x10cc <vfprintf+0x50a>
    10c4:	0f 7e       	andi	r16, 0xEF	; 239
    10c6:	2a e0       	ldi	r18, 0x0A	; 10
    10c8:	30 e0       	ldi	r19, 0x00	; 0
    10ca:	1d c0       	rjmp	.+58     	; 0x1106 <vfprintf+0x544>
    10cc:	09 7f       	andi	r16, 0xF9	; 249
    10ce:	8f 36       	cpi	r24, 0x6F	; 111
    10d0:	91 f0       	breq	.+36     	; 0x10f6 <vfprintf+0x534>
    10d2:	18 f4       	brcc	.+6      	; 0x10da <vfprintf+0x518>
    10d4:	88 35       	cpi	r24, 0x58	; 88
    10d6:	59 f0       	breq	.+22     	; 0x10ee <vfprintf+0x52c>
    10d8:	c3 c0       	rjmp	.+390    	; 0x1260 <vfprintf+0x69e>
    10da:	80 37       	cpi	r24, 0x70	; 112
    10dc:	19 f0       	breq	.+6      	; 0x10e4 <vfprintf+0x522>
    10de:	88 37       	cpi	r24, 0x78	; 120
    10e0:	11 f0       	breq	.+4      	; 0x10e6 <vfprintf+0x524>
    10e2:	be c0       	rjmp	.+380    	; 0x1260 <vfprintf+0x69e>
    10e4:	00 61       	ori	r16, 0x10	; 16
    10e6:	04 ff       	sbrs	r16, 4
    10e8:	09 c0       	rjmp	.+18     	; 0x10fc <vfprintf+0x53a>
    10ea:	04 60       	ori	r16, 0x04	; 4
    10ec:	07 c0       	rjmp	.+14     	; 0x10fc <vfprintf+0x53a>
    10ee:	94 fe       	sbrs	r9, 4
    10f0:	08 c0       	rjmp	.+16     	; 0x1102 <vfprintf+0x540>
    10f2:	06 60       	ori	r16, 0x06	; 6
    10f4:	06 c0       	rjmp	.+12     	; 0x1102 <vfprintf+0x540>
    10f6:	28 e0       	ldi	r18, 0x08	; 8
    10f8:	30 e0       	ldi	r19, 0x00	; 0
    10fa:	05 c0       	rjmp	.+10     	; 0x1106 <vfprintf+0x544>
    10fc:	20 e1       	ldi	r18, 0x10	; 16
    10fe:	30 e0       	ldi	r19, 0x00	; 0
    1100:	02 c0       	rjmp	.+4      	; 0x1106 <vfprintf+0x544>
    1102:	20 e1       	ldi	r18, 0x10	; 16
    1104:	32 e0       	ldi	r19, 0x02	; 2
    1106:	56 01       	movw	r10, r12
    1108:	07 ff       	sbrs	r16, 7
    110a:	09 c0       	rjmp	.+18     	; 0x111e <vfprintf+0x55c>
    110c:	84 e0       	ldi	r24, 0x04	; 4
    110e:	a8 0e       	add	r10, r24
    1110:	b1 1c       	adc	r11, r1
    1112:	f6 01       	movw	r30, r12
    1114:	60 81       	ld	r22, Z
    1116:	71 81       	ldd	r23, Z+1	; 0x01
    1118:	82 81       	ldd	r24, Z+2	; 0x02
    111a:	93 81       	ldd	r25, Z+3	; 0x03
    111c:	08 c0       	rjmp	.+16     	; 0x112e <vfprintf+0x56c>
    111e:	f2 e0       	ldi	r31, 0x02	; 2
    1120:	af 0e       	add	r10, r31
    1122:	b1 1c       	adc	r11, r1
    1124:	f6 01       	movw	r30, r12
    1126:	60 81       	ld	r22, Z
    1128:	71 81       	ldd	r23, Z+1	; 0x01
    112a:	80 e0       	ldi	r24, 0x00	; 0
    112c:	90 e0       	ldi	r25, 0x00	; 0
    112e:	a3 01       	movw	r20, r6
    1130:	0e 94 27 0b 	call	0x164e	; 0x164e <__ultoa_invert>
    1134:	c8 2e       	mov	r12, r24
    1136:	c6 18       	sub	r12, r6
    1138:	0f 77       	andi	r16, 0x7F	; 127
    113a:	90 2e       	mov	r9, r16
    113c:	96 fe       	sbrs	r9, 6
    113e:	0b c0       	rjmp	.+22     	; 0x1156 <vfprintf+0x594>
    1140:	09 2d       	mov	r16, r9
    1142:	0e 7f       	andi	r16, 0xFE	; 254
    1144:	c1 16       	cp	r12, r17
    1146:	50 f4       	brcc	.+20     	; 0x115c <vfprintf+0x59a>
    1148:	94 fe       	sbrs	r9, 4
    114a:	0a c0       	rjmp	.+20     	; 0x1160 <vfprintf+0x59e>
    114c:	92 fc       	sbrc	r9, 2
    114e:	08 c0       	rjmp	.+16     	; 0x1160 <vfprintf+0x59e>
    1150:	09 2d       	mov	r16, r9
    1152:	0e 7e       	andi	r16, 0xEE	; 238
    1154:	05 c0       	rjmp	.+10     	; 0x1160 <vfprintf+0x59e>
    1156:	dc 2c       	mov	r13, r12
    1158:	09 2d       	mov	r16, r9
    115a:	03 c0       	rjmp	.+6      	; 0x1162 <vfprintf+0x5a0>
    115c:	dc 2c       	mov	r13, r12
    115e:	01 c0       	rjmp	.+2      	; 0x1162 <vfprintf+0x5a0>
    1160:	d1 2e       	mov	r13, r17
    1162:	04 ff       	sbrs	r16, 4
    1164:	0d c0       	rjmp	.+26     	; 0x1180 <vfprintf+0x5be>
    1166:	fe 01       	movw	r30, r28
    1168:	ec 0d       	add	r30, r12
    116a:	f1 1d       	adc	r31, r1
    116c:	80 81       	ld	r24, Z
    116e:	80 33       	cpi	r24, 0x30	; 48
    1170:	11 f4       	brne	.+4      	; 0x1176 <vfprintf+0x5b4>
    1172:	09 7e       	andi	r16, 0xE9	; 233
    1174:	09 c0       	rjmp	.+18     	; 0x1188 <vfprintf+0x5c6>
    1176:	02 ff       	sbrs	r16, 2
    1178:	06 c0       	rjmp	.+12     	; 0x1186 <vfprintf+0x5c4>
    117a:	d3 94       	inc	r13
    117c:	d3 94       	inc	r13
    117e:	04 c0       	rjmp	.+8      	; 0x1188 <vfprintf+0x5c6>
    1180:	80 2f       	mov	r24, r16
    1182:	86 78       	andi	r24, 0x86	; 134
    1184:	09 f0       	breq	.+2      	; 0x1188 <vfprintf+0x5c6>
    1186:	d3 94       	inc	r13
    1188:	03 fd       	sbrc	r16, 3
    118a:	11 c0       	rjmp	.+34     	; 0x11ae <vfprintf+0x5ec>
    118c:	00 ff       	sbrs	r16, 0
    118e:	06 c0       	rjmp	.+12     	; 0x119c <vfprintf+0x5da>
    1190:	1c 2d       	mov	r17, r12
    1192:	d5 14       	cp	r13, r5
    1194:	80 f4       	brcc	.+32     	; 0x11b6 <vfprintf+0x5f4>
    1196:	15 0d       	add	r17, r5
    1198:	1d 19       	sub	r17, r13
    119a:	0d c0       	rjmp	.+26     	; 0x11b6 <vfprintf+0x5f4>
    119c:	d5 14       	cp	r13, r5
    119e:	58 f4       	brcc	.+22     	; 0x11b6 <vfprintf+0x5f4>
    11a0:	b7 01       	movw	r22, r14
    11a2:	80 e2       	ldi	r24, 0x20	; 32
    11a4:	90 e0       	ldi	r25, 0x00	; 0
    11a6:	0e 94 a5 0a 	call	0x154a	; 0x154a <fputc>
    11aa:	d3 94       	inc	r13
    11ac:	f7 cf       	rjmp	.-18     	; 0x119c <vfprintf+0x5da>
    11ae:	d5 14       	cp	r13, r5
    11b0:	10 f4       	brcc	.+4      	; 0x11b6 <vfprintf+0x5f4>
    11b2:	5d 18       	sub	r5, r13
    11b4:	01 c0       	rjmp	.+2      	; 0x11b8 <vfprintf+0x5f6>
    11b6:	51 2c       	mov	r5, r1
    11b8:	04 ff       	sbrs	r16, 4
    11ba:	10 c0       	rjmp	.+32     	; 0x11dc <vfprintf+0x61a>
    11bc:	b7 01       	movw	r22, r14
    11be:	80 e3       	ldi	r24, 0x30	; 48
    11c0:	90 e0       	ldi	r25, 0x00	; 0
    11c2:	0e 94 a5 0a 	call	0x154a	; 0x154a <fputc>
    11c6:	02 ff       	sbrs	r16, 2
    11c8:	17 c0       	rjmp	.+46     	; 0x11f8 <vfprintf+0x636>
    11ca:	01 fd       	sbrc	r16, 1
    11cc:	03 c0       	rjmp	.+6      	; 0x11d4 <vfprintf+0x612>
    11ce:	88 e7       	ldi	r24, 0x78	; 120
    11d0:	90 e0       	ldi	r25, 0x00	; 0
    11d2:	02 c0       	rjmp	.+4      	; 0x11d8 <vfprintf+0x616>
    11d4:	88 e5       	ldi	r24, 0x58	; 88
    11d6:	90 e0       	ldi	r25, 0x00	; 0
    11d8:	b7 01       	movw	r22, r14
    11da:	0c c0       	rjmp	.+24     	; 0x11f4 <vfprintf+0x632>
    11dc:	80 2f       	mov	r24, r16
    11de:	86 78       	andi	r24, 0x86	; 134
    11e0:	59 f0       	breq	.+22     	; 0x11f8 <vfprintf+0x636>
    11e2:	01 ff       	sbrs	r16, 1
    11e4:	02 c0       	rjmp	.+4      	; 0x11ea <vfprintf+0x628>
    11e6:	8b e2       	ldi	r24, 0x2B	; 43
    11e8:	01 c0       	rjmp	.+2      	; 0x11ec <vfprintf+0x62a>
    11ea:	80 e2       	ldi	r24, 0x20	; 32
    11ec:	07 fd       	sbrc	r16, 7
    11ee:	8d e2       	ldi	r24, 0x2D	; 45
    11f0:	b7 01       	movw	r22, r14
    11f2:	90 e0       	ldi	r25, 0x00	; 0
    11f4:	0e 94 a5 0a 	call	0x154a	; 0x154a <fputc>
    11f8:	c1 16       	cp	r12, r17
    11fa:	38 f4       	brcc	.+14     	; 0x120a <vfprintf+0x648>
    11fc:	b7 01       	movw	r22, r14
    11fe:	80 e3       	ldi	r24, 0x30	; 48
    1200:	90 e0       	ldi	r25, 0x00	; 0
    1202:	0e 94 a5 0a 	call	0x154a	; 0x154a <fputc>
    1206:	11 50       	subi	r17, 0x01	; 1
    1208:	f7 cf       	rjmp	.-18     	; 0x11f8 <vfprintf+0x636>
    120a:	ca 94       	dec	r12
    120c:	f3 01       	movw	r30, r6
    120e:	ec 0d       	add	r30, r12
    1210:	f1 1d       	adc	r31, r1
    1212:	80 81       	ld	r24, Z
    1214:	b7 01       	movw	r22, r14
    1216:	90 e0       	ldi	r25, 0x00	; 0
    1218:	0e 94 a5 0a 	call	0x154a	; 0x154a <fputc>
    121c:	c1 10       	cpse	r12, r1
    121e:	f5 cf       	rjmp	.-22     	; 0x120a <vfprintf+0x648>
    1220:	15 c0       	rjmp	.+42     	; 0x124c <vfprintf+0x68a>
    1222:	f4 e0       	ldi	r31, 0x04	; 4
    1224:	f5 15       	cp	r31, r5
    1226:	60 f5       	brcc	.+88     	; 0x1280 <vfprintf+0x6be>
    1228:	84 e0       	ldi	r24, 0x04	; 4
    122a:	58 1a       	sub	r5, r24
    122c:	93 fe       	sbrs	r9, 3
    122e:	1f c0       	rjmp	.+62     	; 0x126e <vfprintf+0x6ac>
    1230:	01 11       	cpse	r16, r1
    1232:	27 c0       	rjmp	.+78     	; 0x1282 <vfprintf+0x6c0>
    1234:	2c 85       	ldd	r18, Y+12	; 0x0c
    1236:	23 ff       	sbrs	r18, 3
    1238:	2a c0       	rjmp	.+84     	; 0x128e <vfprintf+0x6cc>
    123a:	08 e6       	ldi	r16, 0x68	; 104
    123c:	10 e0       	ldi	r17, 0x00	; 0
    123e:	39 2d       	mov	r19, r9
    1240:	30 71       	andi	r19, 0x10	; 16
    1242:	93 2e       	mov	r9, r19
    1244:	f8 01       	movw	r30, r16
    1246:	84 91       	lpm	r24, Z
    1248:	81 11       	cpse	r24, r1
    124a:	24 c0       	rjmp	.+72     	; 0x1294 <vfprintf+0x6d2>
    124c:	55 20       	and	r5, r5
    124e:	09 f4       	brne	.+2      	; 0x1252 <vfprintf+0x690>
    1250:	e4 cc       	rjmp	.-1592   	; 0xc1a <vfprintf+0x58>
    1252:	b7 01       	movw	r22, r14
    1254:	80 e2       	ldi	r24, 0x20	; 32
    1256:	90 e0       	ldi	r25, 0x00	; 0
    1258:	0e 94 a5 0a 	call	0x154a	; 0x154a <fputc>
    125c:	5a 94       	dec	r5
    125e:	f6 cf       	rjmp	.-20     	; 0x124c <vfprintf+0x68a>
    1260:	f7 01       	movw	r30, r14
    1262:	86 81       	ldd	r24, Z+6	; 0x06
    1264:	97 81       	ldd	r25, Z+7	; 0x07
    1266:	26 c0       	rjmp	.+76     	; 0x12b4 <vfprintf+0x6f2>
    1268:	8f ef       	ldi	r24, 0xFF	; 255
    126a:	9f ef       	ldi	r25, 0xFF	; 255
    126c:	23 c0       	rjmp	.+70     	; 0x12b4 <vfprintf+0x6f2>
    126e:	b7 01       	movw	r22, r14
    1270:	80 e2       	ldi	r24, 0x20	; 32
    1272:	90 e0       	ldi	r25, 0x00	; 0
    1274:	0e 94 a5 0a 	call	0x154a	; 0x154a <fputc>
    1278:	5a 94       	dec	r5
    127a:	51 10       	cpse	r5, r1
    127c:	f8 cf       	rjmp	.-16     	; 0x126e <vfprintf+0x6ac>
    127e:	d8 cf       	rjmp	.-80     	; 0x1230 <vfprintf+0x66e>
    1280:	51 2c       	mov	r5, r1
    1282:	b7 01       	movw	r22, r14
    1284:	80 2f       	mov	r24, r16
    1286:	90 e0       	ldi	r25, 0x00	; 0
    1288:	0e 94 a5 0a 	call	0x154a	; 0x154a <fputc>
    128c:	d3 cf       	rjmp	.-90     	; 0x1234 <vfprintf+0x672>
    128e:	0c e6       	ldi	r16, 0x6C	; 108
    1290:	10 e0       	ldi	r17, 0x00	; 0
    1292:	d5 cf       	rjmp	.-86     	; 0x123e <vfprintf+0x67c>
    1294:	91 10       	cpse	r9, r1
    1296:	80 52       	subi	r24, 0x20	; 32
    1298:	b7 01       	movw	r22, r14
    129a:	90 e0       	ldi	r25, 0x00	; 0
    129c:	0e 94 a5 0a 	call	0x154a	; 0x154a <fputc>
    12a0:	0f 5f       	subi	r16, 0xFF	; 255
    12a2:	1f 4f       	sbci	r17, 0xFF	; 255
    12a4:	cf cf       	rjmp	.-98     	; 0x1244 <vfprintf+0x682>
    12a6:	23 e0       	ldi	r18, 0x03	; 3
    12a8:	25 15       	cp	r18, r5
    12aa:	10 f4       	brcc	.+4      	; 0x12b0 <vfprintf+0x6ee>
    12ac:	83 e0       	ldi	r24, 0x03	; 3
    12ae:	bd cf       	rjmp	.-134    	; 0x122a <vfprintf+0x668>
    12b0:	51 2c       	mov	r5, r1
    12b2:	c0 cf       	rjmp	.-128    	; 0x1234 <vfprintf+0x672>
    12b4:	60 96       	adiw	r28, 0x10	; 16
    12b6:	e2 e1       	ldi	r30, 0x12	; 18
    12b8:	0c 94 9c 09 	jmp	0x1338	; 0x1338 <__epilogue_restores__>

000012bc <__udivmodsi4>:
    12bc:	a1 e2       	ldi	r26, 0x21	; 33
    12be:	1a 2e       	mov	r1, r26
    12c0:	aa 1b       	sub	r26, r26
    12c2:	bb 1b       	sub	r27, r27
    12c4:	fd 01       	movw	r30, r26
    12c6:	0d c0       	rjmp	.+26     	; 0x12e2 <__udivmodsi4_ep>

000012c8 <__udivmodsi4_loop>:
    12c8:	aa 1f       	adc	r26, r26
    12ca:	bb 1f       	adc	r27, r27
    12cc:	ee 1f       	adc	r30, r30
    12ce:	ff 1f       	adc	r31, r31
    12d0:	a2 17       	cp	r26, r18
    12d2:	b3 07       	cpc	r27, r19
    12d4:	e4 07       	cpc	r30, r20
    12d6:	f5 07       	cpc	r31, r21
    12d8:	20 f0       	brcs	.+8      	; 0x12e2 <__udivmodsi4_ep>
    12da:	a2 1b       	sub	r26, r18
    12dc:	b3 0b       	sbc	r27, r19
    12de:	e4 0b       	sbc	r30, r20
    12e0:	f5 0b       	sbc	r31, r21

000012e2 <__udivmodsi4_ep>:
    12e2:	66 1f       	adc	r22, r22
    12e4:	77 1f       	adc	r23, r23
    12e6:	88 1f       	adc	r24, r24
    12e8:	99 1f       	adc	r25, r25
    12ea:	1a 94       	dec	r1
    12ec:	69 f7       	brne	.-38     	; 0x12c8 <__udivmodsi4_loop>
    12ee:	60 95       	com	r22
    12f0:	70 95       	com	r23
    12f2:	80 95       	com	r24
    12f4:	90 95       	com	r25
    12f6:	9b 01       	movw	r18, r22
    12f8:	ac 01       	movw	r20, r24
    12fa:	bd 01       	movw	r22, r26
    12fc:	cf 01       	movw	r24, r30
    12fe:	08 95       	ret

00001300 <__prologue_saves__>:
    1300:	2f 92       	push	r2
    1302:	3f 92       	push	r3
    1304:	4f 92       	push	r4
    1306:	5f 92       	push	r5
    1308:	6f 92       	push	r6
    130a:	7f 92       	push	r7
    130c:	8f 92       	push	r8
    130e:	9f 92       	push	r9
    1310:	af 92       	push	r10
    1312:	bf 92       	push	r11
    1314:	cf 92       	push	r12
    1316:	df 92       	push	r13
    1318:	ef 92       	push	r14
    131a:	ff 92       	push	r15
    131c:	0f 93       	push	r16
    131e:	1f 93       	push	r17
    1320:	cf 93       	push	r28
    1322:	df 93       	push	r29
    1324:	cd b7       	in	r28, 0x3d	; 61
    1326:	de b7       	in	r29, 0x3e	; 62
    1328:	ca 1b       	sub	r28, r26
    132a:	db 0b       	sbc	r29, r27
    132c:	0f b6       	in	r0, 0x3f	; 63
    132e:	f8 94       	cli
    1330:	de bf       	out	0x3e, r29	; 62
    1332:	0f be       	out	0x3f, r0	; 63
    1334:	cd bf       	out	0x3d, r28	; 61
    1336:	09 94       	ijmp

00001338 <__epilogue_restores__>:
    1338:	2a 88       	ldd	r2, Y+18	; 0x12
    133a:	39 88       	ldd	r3, Y+17	; 0x11
    133c:	48 88       	ldd	r4, Y+16	; 0x10
    133e:	5f 84       	ldd	r5, Y+15	; 0x0f
    1340:	6e 84       	ldd	r6, Y+14	; 0x0e
    1342:	7d 84       	ldd	r7, Y+13	; 0x0d
    1344:	8c 84       	ldd	r8, Y+12	; 0x0c
    1346:	9b 84       	ldd	r9, Y+11	; 0x0b
    1348:	aa 84       	ldd	r10, Y+10	; 0x0a
    134a:	b9 84       	ldd	r11, Y+9	; 0x09
    134c:	c8 84       	ldd	r12, Y+8	; 0x08
    134e:	df 80       	ldd	r13, Y+7	; 0x07
    1350:	ee 80       	ldd	r14, Y+6	; 0x06
    1352:	fd 80       	ldd	r15, Y+5	; 0x05
    1354:	0c 81       	ldd	r16, Y+4	; 0x04
    1356:	1b 81       	ldd	r17, Y+3	; 0x03
    1358:	aa 81       	ldd	r26, Y+2	; 0x02
    135a:	b9 81       	ldd	r27, Y+1	; 0x01
    135c:	ce 0f       	add	r28, r30
    135e:	d1 1d       	adc	r29, r1
    1360:	0f b6       	in	r0, 0x3f	; 63
    1362:	f8 94       	cli
    1364:	de bf       	out	0x3e, r29	; 62
    1366:	0f be       	out	0x3f, r0	; 63
    1368:	cd bf       	out	0x3d, r28	; 61
    136a:	ed 01       	movw	r28, r26
    136c:	08 95       	ret

0000136e <__ftoa_engine>:
    136e:	28 30       	cpi	r18, 0x08	; 8
    1370:	08 f0       	brcs	.+2      	; 0x1374 <__ftoa_engine+0x6>
    1372:	27 e0       	ldi	r18, 0x07	; 7
    1374:	33 27       	eor	r19, r19
    1376:	da 01       	movw	r26, r20
    1378:	99 0f       	add	r25, r25
    137a:	31 1d       	adc	r19, r1
    137c:	87 fd       	sbrc	r24, 7
    137e:	91 60       	ori	r25, 0x01	; 1
    1380:	00 96       	adiw	r24, 0x00	; 0
    1382:	61 05       	cpc	r22, r1
    1384:	71 05       	cpc	r23, r1
    1386:	39 f4       	brne	.+14     	; 0x1396 <__ftoa_engine+0x28>
    1388:	32 60       	ori	r19, 0x02	; 2
    138a:	2e 5f       	subi	r18, 0xFE	; 254
    138c:	3d 93       	st	X+, r19
    138e:	30 e3       	ldi	r19, 0x30	; 48
    1390:	2a 95       	dec	r18
    1392:	e1 f7       	brne	.-8      	; 0x138c <__ftoa_engine+0x1e>
    1394:	08 95       	ret
    1396:	9f 3f       	cpi	r25, 0xFF	; 255
    1398:	30 f0       	brcs	.+12     	; 0x13a6 <__ftoa_engine+0x38>
    139a:	80 38       	cpi	r24, 0x80	; 128
    139c:	71 05       	cpc	r23, r1
    139e:	61 05       	cpc	r22, r1
    13a0:	09 f0       	breq	.+2      	; 0x13a4 <__ftoa_engine+0x36>
    13a2:	3c 5f       	subi	r19, 0xFC	; 252
    13a4:	3c 5f       	subi	r19, 0xFC	; 252
    13a6:	3d 93       	st	X+, r19
    13a8:	91 30       	cpi	r25, 0x01	; 1
    13aa:	08 f0       	brcs	.+2      	; 0x13ae <__ftoa_engine+0x40>
    13ac:	80 68       	ori	r24, 0x80	; 128
    13ae:	91 1d       	adc	r25, r1
    13b0:	df 93       	push	r29
    13b2:	cf 93       	push	r28
    13b4:	1f 93       	push	r17
    13b6:	0f 93       	push	r16
    13b8:	ff 92       	push	r15
    13ba:	ef 92       	push	r14
    13bc:	19 2f       	mov	r17, r25
    13be:	98 7f       	andi	r25, 0xF8	; 248
    13c0:	96 95       	lsr	r25
    13c2:	e9 2f       	mov	r30, r25
    13c4:	96 95       	lsr	r25
    13c6:	96 95       	lsr	r25
    13c8:	e9 0f       	add	r30, r25
    13ca:	ff 27       	eor	r31, r31
    13cc:	e6 53       	subi	r30, 0x36	; 54
    13ce:	ff 4f       	sbci	r31, 0xFF	; 255
    13d0:	99 27       	eor	r25, r25
    13d2:	33 27       	eor	r19, r19
    13d4:	ee 24       	eor	r14, r14
    13d6:	ff 24       	eor	r15, r15
    13d8:	a7 01       	movw	r20, r14
    13da:	e7 01       	movw	r28, r14
    13dc:	05 90       	lpm	r0, Z+
    13de:	08 94       	sec
    13e0:	07 94       	ror	r0
    13e2:	28 f4       	brcc	.+10     	; 0x13ee <__ftoa_engine+0x80>
    13e4:	36 0f       	add	r19, r22
    13e6:	e7 1e       	adc	r14, r23
    13e8:	f8 1e       	adc	r15, r24
    13ea:	49 1f       	adc	r20, r25
    13ec:	51 1d       	adc	r21, r1
    13ee:	66 0f       	add	r22, r22
    13f0:	77 1f       	adc	r23, r23
    13f2:	88 1f       	adc	r24, r24
    13f4:	99 1f       	adc	r25, r25
    13f6:	06 94       	lsr	r0
    13f8:	a1 f7       	brne	.-24     	; 0x13e2 <__ftoa_engine+0x74>
    13fa:	05 90       	lpm	r0, Z+
    13fc:	07 94       	ror	r0
    13fe:	28 f4       	brcc	.+10     	; 0x140a <__ftoa_engine+0x9c>
    1400:	e7 0e       	add	r14, r23
    1402:	f8 1e       	adc	r15, r24
    1404:	49 1f       	adc	r20, r25
    1406:	56 1f       	adc	r21, r22
    1408:	c1 1d       	adc	r28, r1
    140a:	77 0f       	add	r23, r23
    140c:	88 1f       	adc	r24, r24
    140e:	99 1f       	adc	r25, r25
    1410:	66 1f       	adc	r22, r22
    1412:	06 94       	lsr	r0
    1414:	a1 f7       	brne	.-24     	; 0x13fe <__ftoa_engine+0x90>
    1416:	05 90       	lpm	r0, Z+
    1418:	07 94       	ror	r0
    141a:	28 f4       	brcc	.+10     	; 0x1426 <__ftoa_engine+0xb8>
    141c:	f8 0e       	add	r15, r24
    141e:	49 1f       	adc	r20, r25
    1420:	56 1f       	adc	r21, r22
    1422:	c7 1f       	adc	r28, r23
    1424:	d1 1d       	adc	r29, r1
    1426:	88 0f       	add	r24, r24
    1428:	99 1f       	adc	r25, r25
    142a:	66 1f       	adc	r22, r22
    142c:	77 1f       	adc	r23, r23
    142e:	06 94       	lsr	r0
    1430:	a1 f7       	brne	.-24     	; 0x141a <__ftoa_engine+0xac>
    1432:	05 90       	lpm	r0, Z+
    1434:	07 94       	ror	r0
    1436:	20 f4       	brcc	.+8      	; 0x1440 <__ftoa_engine+0xd2>
    1438:	49 0f       	add	r20, r25
    143a:	56 1f       	adc	r21, r22
    143c:	c7 1f       	adc	r28, r23
    143e:	d8 1f       	adc	r29, r24
    1440:	99 0f       	add	r25, r25
    1442:	66 1f       	adc	r22, r22
    1444:	77 1f       	adc	r23, r23
    1446:	88 1f       	adc	r24, r24
    1448:	06 94       	lsr	r0
    144a:	a9 f7       	brne	.-22     	; 0x1436 <__ftoa_engine+0xc8>
    144c:	84 91       	lpm	r24, Z
    144e:	10 95       	com	r17
    1450:	17 70       	andi	r17, 0x07	; 7
    1452:	41 f0       	breq	.+16     	; 0x1464 <__ftoa_engine+0xf6>
    1454:	d6 95       	lsr	r29
    1456:	c7 95       	ror	r28
    1458:	57 95       	ror	r21
    145a:	47 95       	ror	r20
    145c:	f7 94       	ror	r15
    145e:	e7 94       	ror	r14
    1460:	1a 95       	dec	r17
    1462:	c1 f7       	brne	.-16     	; 0x1454 <__ftoa_engine+0xe6>
    1464:	e0 e7       	ldi	r30, 0x70	; 112
    1466:	f0 e0       	ldi	r31, 0x00	; 0
    1468:	68 94       	set
    146a:	15 90       	lpm	r1, Z+
    146c:	15 91       	lpm	r17, Z+
    146e:	35 91       	lpm	r19, Z+
    1470:	65 91       	lpm	r22, Z+
    1472:	95 91       	lpm	r25, Z+
    1474:	05 90       	lpm	r0, Z+
    1476:	7f e2       	ldi	r23, 0x2F	; 47
    1478:	73 95       	inc	r23
    147a:	e1 18       	sub	r14, r1
    147c:	f1 0a       	sbc	r15, r17
    147e:	43 0b       	sbc	r20, r19
    1480:	56 0b       	sbc	r21, r22
    1482:	c9 0b       	sbc	r28, r25
    1484:	d0 09       	sbc	r29, r0
    1486:	c0 f7       	brcc	.-16     	; 0x1478 <__ftoa_engine+0x10a>
    1488:	e1 0c       	add	r14, r1
    148a:	f1 1e       	adc	r15, r17
    148c:	43 1f       	adc	r20, r19
    148e:	56 1f       	adc	r21, r22
    1490:	c9 1f       	adc	r28, r25
    1492:	d0 1d       	adc	r29, r0
    1494:	7e f4       	brtc	.+30     	; 0x14b4 <__ftoa_engine+0x146>
    1496:	70 33       	cpi	r23, 0x30	; 48
    1498:	11 f4       	brne	.+4      	; 0x149e <__ftoa_engine+0x130>
    149a:	8a 95       	dec	r24
    149c:	e6 cf       	rjmp	.-52     	; 0x146a <__ftoa_engine+0xfc>
    149e:	e8 94       	clt
    14a0:	01 50       	subi	r16, 0x01	; 1
    14a2:	30 f0       	brcs	.+12     	; 0x14b0 <__ftoa_engine+0x142>
    14a4:	08 0f       	add	r16, r24
    14a6:	0a f4       	brpl	.+2      	; 0x14aa <__ftoa_engine+0x13c>
    14a8:	00 27       	eor	r16, r16
    14aa:	02 17       	cp	r16, r18
    14ac:	08 f4       	brcc	.+2      	; 0x14b0 <__ftoa_engine+0x142>
    14ae:	20 2f       	mov	r18, r16
    14b0:	23 95       	inc	r18
    14b2:	02 2f       	mov	r16, r18
    14b4:	7a 33       	cpi	r23, 0x3A	; 58
    14b6:	28 f0       	brcs	.+10     	; 0x14c2 <__ftoa_engine+0x154>
    14b8:	79 e3       	ldi	r23, 0x39	; 57
    14ba:	7d 93       	st	X+, r23
    14bc:	2a 95       	dec	r18
    14be:	e9 f7       	brne	.-6      	; 0x14ba <__ftoa_engine+0x14c>
    14c0:	10 c0       	rjmp	.+32     	; 0x14e2 <__ftoa_engine+0x174>
    14c2:	7d 93       	st	X+, r23
    14c4:	2a 95       	dec	r18
    14c6:	89 f6       	brne	.-94     	; 0x146a <__ftoa_engine+0xfc>
    14c8:	06 94       	lsr	r0
    14ca:	97 95       	ror	r25
    14cc:	67 95       	ror	r22
    14ce:	37 95       	ror	r19
    14d0:	17 95       	ror	r17
    14d2:	17 94       	ror	r1
    14d4:	e1 18       	sub	r14, r1
    14d6:	f1 0a       	sbc	r15, r17
    14d8:	43 0b       	sbc	r20, r19
    14da:	56 0b       	sbc	r21, r22
    14dc:	c9 0b       	sbc	r28, r25
    14de:	d0 09       	sbc	r29, r0
    14e0:	98 f0       	brcs	.+38     	; 0x1508 <__ftoa_engine+0x19a>
    14e2:	23 95       	inc	r18
    14e4:	7e 91       	ld	r23, -X
    14e6:	73 95       	inc	r23
    14e8:	7a 33       	cpi	r23, 0x3A	; 58
    14ea:	08 f0       	brcs	.+2      	; 0x14ee <__ftoa_engine+0x180>
    14ec:	70 e3       	ldi	r23, 0x30	; 48
    14ee:	7c 93       	st	X, r23
    14f0:	20 13       	cpse	r18, r16
    14f2:	b8 f7       	brcc	.-18     	; 0x14e2 <__ftoa_engine+0x174>
    14f4:	7e 91       	ld	r23, -X
    14f6:	70 61       	ori	r23, 0x10	; 16
    14f8:	7d 93       	st	X+, r23
    14fa:	30 f0       	brcs	.+12     	; 0x1508 <__ftoa_engine+0x19a>
    14fc:	83 95       	inc	r24
    14fe:	71 e3       	ldi	r23, 0x31	; 49
    1500:	7d 93       	st	X+, r23
    1502:	70 e3       	ldi	r23, 0x30	; 48
    1504:	2a 95       	dec	r18
    1506:	e1 f7       	brne	.-8      	; 0x1500 <__ftoa_engine+0x192>
    1508:	11 24       	eor	r1, r1
    150a:	ef 90       	pop	r14
    150c:	ff 90       	pop	r15
    150e:	0f 91       	pop	r16
    1510:	1f 91       	pop	r17
    1512:	cf 91       	pop	r28
    1514:	df 91       	pop	r29
    1516:	99 27       	eor	r25, r25
    1518:	87 fd       	sbrc	r24, 7
    151a:	90 95       	com	r25
    151c:	08 95       	ret

0000151e <strnlen_P>:
    151e:	fc 01       	movw	r30, r24
    1520:	05 90       	lpm	r0, Z+
    1522:	61 50       	subi	r22, 0x01	; 1
    1524:	70 40       	sbci	r23, 0x00	; 0
    1526:	01 10       	cpse	r0, r1
    1528:	d8 f7       	brcc	.-10     	; 0x1520 <strnlen_P+0x2>
    152a:	80 95       	com	r24
    152c:	90 95       	com	r25
    152e:	8e 0f       	add	r24, r30
    1530:	9f 1f       	adc	r25, r31
    1532:	08 95       	ret

00001534 <strnlen>:
    1534:	fc 01       	movw	r30, r24
    1536:	61 50       	subi	r22, 0x01	; 1
    1538:	70 40       	sbci	r23, 0x00	; 0
    153a:	01 90       	ld	r0, Z+
    153c:	01 10       	cpse	r0, r1
    153e:	d8 f7       	brcc	.-10     	; 0x1536 <strnlen+0x2>
    1540:	80 95       	com	r24
    1542:	90 95       	com	r25
    1544:	8e 0f       	add	r24, r30
    1546:	9f 1f       	adc	r25, r31
    1548:	08 95       	ret

0000154a <fputc>:
    154a:	0f 93       	push	r16
    154c:	1f 93       	push	r17
    154e:	cf 93       	push	r28
    1550:	df 93       	push	r29
    1552:	fb 01       	movw	r30, r22
    1554:	23 81       	ldd	r18, Z+3	; 0x03
    1556:	21 fd       	sbrc	r18, 1
    1558:	03 c0       	rjmp	.+6      	; 0x1560 <fputc+0x16>
    155a:	8f ef       	ldi	r24, 0xFF	; 255
    155c:	9f ef       	ldi	r25, 0xFF	; 255
    155e:	2c c0       	rjmp	.+88     	; 0x15b8 <fputc+0x6e>
    1560:	22 ff       	sbrs	r18, 2
    1562:	16 c0       	rjmp	.+44     	; 0x1590 <fputc+0x46>
    1564:	46 81       	ldd	r20, Z+6	; 0x06
    1566:	57 81       	ldd	r21, Z+7	; 0x07
    1568:	24 81       	ldd	r18, Z+4	; 0x04
    156a:	35 81       	ldd	r19, Z+5	; 0x05
    156c:	42 17       	cp	r20, r18
    156e:	53 07       	cpc	r21, r19
    1570:	44 f4       	brge	.+16     	; 0x1582 <fputc+0x38>
    1572:	a0 81       	ld	r26, Z
    1574:	b1 81       	ldd	r27, Z+1	; 0x01
    1576:	9d 01       	movw	r18, r26
    1578:	2f 5f       	subi	r18, 0xFF	; 255
    157a:	3f 4f       	sbci	r19, 0xFF	; 255
    157c:	31 83       	std	Z+1, r19	; 0x01
    157e:	20 83       	st	Z, r18
    1580:	8c 93       	st	X, r24
    1582:	26 81       	ldd	r18, Z+6	; 0x06
    1584:	37 81       	ldd	r19, Z+7	; 0x07
    1586:	2f 5f       	subi	r18, 0xFF	; 255
    1588:	3f 4f       	sbci	r19, 0xFF	; 255
    158a:	37 83       	std	Z+7, r19	; 0x07
    158c:	26 83       	std	Z+6, r18	; 0x06
    158e:	14 c0       	rjmp	.+40     	; 0x15b8 <fputc+0x6e>
    1590:	8b 01       	movw	r16, r22
    1592:	ec 01       	movw	r28, r24
    1594:	fb 01       	movw	r30, r22
    1596:	00 84       	ldd	r0, Z+8	; 0x08
    1598:	f1 85       	ldd	r31, Z+9	; 0x09
    159a:	e0 2d       	mov	r30, r0
    159c:	09 95       	icall
    159e:	89 2b       	or	r24, r25
    15a0:	e1 f6       	brne	.-72     	; 0x155a <fputc+0x10>
    15a2:	d8 01       	movw	r26, r16
    15a4:	16 96       	adiw	r26, 0x06	; 6
    15a6:	8d 91       	ld	r24, X+
    15a8:	9c 91       	ld	r25, X
    15aa:	17 97       	sbiw	r26, 0x07	; 7
    15ac:	01 96       	adiw	r24, 0x01	; 1
    15ae:	17 96       	adiw	r26, 0x07	; 7
    15b0:	9c 93       	st	X, r25
    15b2:	8e 93       	st	-X, r24
    15b4:	16 97       	sbiw	r26, 0x06	; 6
    15b6:	ce 01       	movw	r24, r28
    15b8:	df 91       	pop	r29
    15ba:	cf 91       	pop	r28
    15bc:	1f 91       	pop	r17
    15be:	0f 91       	pop	r16
    15c0:	08 95       	ret

000015c2 <printf>:
    15c2:	a0 e0       	ldi	r26, 0x00	; 0
    15c4:	b0 e0       	ldi	r27, 0x00	; 0
    15c6:	e7 ee       	ldi	r30, 0xE7	; 231
    15c8:	fa e0       	ldi	r31, 0x0A	; 10
    15ca:	0c 94 90 09 	jmp	0x1320	; 0x1320 <__prologue_saves__+0x20>
    15ce:	ae 01       	movw	r20, r28
    15d0:	4b 5f       	subi	r20, 0xFB	; 251
    15d2:	5f 4f       	sbci	r21, 0xFF	; 255
    15d4:	fa 01       	movw	r30, r20
    15d6:	61 91       	ld	r22, Z+
    15d8:	71 91       	ld	r23, Z+
    15da:	af 01       	movw	r20, r30
    15dc:	80 91 6f 01 	lds	r24, 0x016F	; 0x80016f <__iob+0x2>
    15e0:	90 91 70 01 	lds	r25, 0x0170	; 0x800170 <__iob+0x3>
    15e4:	0e 94 e1 05 	call	0xbc2	; 0xbc2 <vfprintf>
    15e8:	e2 e0       	ldi	r30, 0x02	; 2
    15ea:	0c 94 ac 09 	jmp	0x1358	; 0x1358 <__epilogue_restores__+0x20>

000015ee <puts>:
    15ee:	0f 93       	push	r16
    15f0:	1f 93       	push	r17
    15f2:	cf 93       	push	r28
    15f4:	df 93       	push	r29
    15f6:	e0 91 6f 01 	lds	r30, 0x016F	; 0x80016f <__iob+0x2>
    15fa:	f0 91 70 01 	lds	r31, 0x0170	; 0x800170 <__iob+0x3>
    15fe:	23 81       	ldd	r18, Z+3	; 0x03
    1600:	21 ff       	sbrs	r18, 1
    1602:	1b c0       	rjmp	.+54     	; 0x163a <puts+0x4c>
    1604:	8c 01       	movw	r16, r24
    1606:	d0 e0       	ldi	r29, 0x00	; 0
    1608:	c0 e0       	ldi	r28, 0x00	; 0
    160a:	f8 01       	movw	r30, r16
    160c:	81 91       	ld	r24, Z+
    160e:	8f 01       	movw	r16, r30
    1610:	60 91 6f 01 	lds	r22, 0x016F	; 0x80016f <__iob+0x2>
    1614:	70 91 70 01 	lds	r23, 0x0170	; 0x800170 <__iob+0x3>
    1618:	db 01       	movw	r26, r22
    161a:	18 96       	adiw	r26, 0x08	; 8
    161c:	ed 91       	ld	r30, X+
    161e:	fc 91       	ld	r31, X
    1620:	19 97       	sbiw	r26, 0x09	; 9
    1622:	88 23       	and	r24, r24
    1624:	31 f0       	breq	.+12     	; 0x1632 <puts+0x44>
    1626:	09 95       	icall
    1628:	89 2b       	or	r24, r25
    162a:	79 f3       	breq	.-34     	; 0x160a <puts+0x1c>
    162c:	df ef       	ldi	r29, 0xFF	; 255
    162e:	cf ef       	ldi	r28, 0xFF	; 255
    1630:	ec cf       	rjmp	.-40     	; 0x160a <puts+0x1c>
    1632:	8a e0       	ldi	r24, 0x0A	; 10
    1634:	09 95       	icall
    1636:	89 2b       	or	r24, r25
    1638:	19 f0       	breq	.+6      	; 0x1640 <puts+0x52>
    163a:	8f ef       	ldi	r24, 0xFF	; 255
    163c:	9f ef       	ldi	r25, 0xFF	; 255
    163e:	02 c0       	rjmp	.+4      	; 0x1644 <puts+0x56>
    1640:	8d 2f       	mov	r24, r29
    1642:	9c 2f       	mov	r25, r28
    1644:	df 91       	pop	r29
    1646:	cf 91       	pop	r28
    1648:	1f 91       	pop	r17
    164a:	0f 91       	pop	r16
    164c:	08 95       	ret

0000164e <__ultoa_invert>:
    164e:	fa 01       	movw	r30, r20
    1650:	aa 27       	eor	r26, r26
    1652:	28 30       	cpi	r18, 0x08	; 8
    1654:	51 f1       	breq	.+84     	; 0x16aa <__ultoa_invert+0x5c>
    1656:	20 31       	cpi	r18, 0x10	; 16
    1658:	81 f1       	breq	.+96     	; 0x16ba <__ultoa_invert+0x6c>
    165a:	e8 94       	clt
    165c:	6f 93       	push	r22
    165e:	6e 7f       	andi	r22, 0xFE	; 254
    1660:	6e 5f       	subi	r22, 0xFE	; 254
    1662:	7f 4f       	sbci	r23, 0xFF	; 255
    1664:	8f 4f       	sbci	r24, 0xFF	; 255
    1666:	9f 4f       	sbci	r25, 0xFF	; 255
    1668:	af 4f       	sbci	r26, 0xFF	; 255
    166a:	b1 e0       	ldi	r27, 0x01	; 1
    166c:	3e d0       	rcall	.+124    	; 0x16ea <__ultoa_invert+0x9c>
    166e:	b4 e0       	ldi	r27, 0x04	; 4
    1670:	3c d0       	rcall	.+120    	; 0x16ea <__ultoa_invert+0x9c>
    1672:	67 0f       	add	r22, r23
    1674:	78 1f       	adc	r23, r24
    1676:	89 1f       	adc	r24, r25
    1678:	9a 1f       	adc	r25, r26
    167a:	a1 1d       	adc	r26, r1
    167c:	68 0f       	add	r22, r24
    167e:	79 1f       	adc	r23, r25
    1680:	8a 1f       	adc	r24, r26
    1682:	91 1d       	adc	r25, r1
    1684:	a1 1d       	adc	r26, r1
    1686:	6a 0f       	add	r22, r26
    1688:	71 1d       	adc	r23, r1
    168a:	81 1d       	adc	r24, r1
    168c:	91 1d       	adc	r25, r1
    168e:	a1 1d       	adc	r26, r1
    1690:	20 d0       	rcall	.+64     	; 0x16d2 <__ultoa_invert+0x84>
    1692:	09 f4       	brne	.+2      	; 0x1696 <__ultoa_invert+0x48>
    1694:	68 94       	set
    1696:	3f 91       	pop	r19
    1698:	2a e0       	ldi	r18, 0x0A	; 10
    169a:	26 9f       	mul	r18, r22
    169c:	11 24       	eor	r1, r1
    169e:	30 19       	sub	r19, r0
    16a0:	30 5d       	subi	r19, 0xD0	; 208
    16a2:	31 93       	st	Z+, r19
    16a4:	de f6       	brtc	.-74     	; 0x165c <__ultoa_invert+0xe>
    16a6:	cf 01       	movw	r24, r30
    16a8:	08 95       	ret
    16aa:	46 2f       	mov	r20, r22
    16ac:	47 70       	andi	r20, 0x07	; 7
    16ae:	40 5d       	subi	r20, 0xD0	; 208
    16b0:	41 93       	st	Z+, r20
    16b2:	b3 e0       	ldi	r27, 0x03	; 3
    16b4:	0f d0       	rcall	.+30     	; 0x16d4 <__ultoa_invert+0x86>
    16b6:	c9 f7       	brne	.-14     	; 0x16aa <__ultoa_invert+0x5c>
    16b8:	f6 cf       	rjmp	.-20     	; 0x16a6 <__ultoa_invert+0x58>
    16ba:	46 2f       	mov	r20, r22
    16bc:	4f 70       	andi	r20, 0x0F	; 15
    16be:	40 5d       	subi	r20, 0xD0	; 208
    16c0:	4a 33       	cpi	r20, 0x3A	; 58
    16c2:	18 f0       	brcs	.+6      	; 0x16ca <__ultoa_invert+0x7c>
    16c4:	49 5d       	subi	r20, 0xD9	; 217
    16c6:	31 fd       	sbrc	r19, 1
    16c8:	40 52       	subi	r20, 0x20	; 32
    16ca:	41 93       	st	Z+, r20
    16cc:	02 d0       	rcall	.+4      	; 0x16d2 <__ultoa_invert+0x84>
    16ce:	a9 f7       	brne	.-22     	; 0x16ba <__ultoa_invert+0x6c>
    16d0:	ea cf       	rjmp	.-44     	; 0x16a6 <__ultoa_invert+0x58>
    16d2:	b4 e0       	ldi	r27, 0x04	; 4
    16d4:	a6 95       	lsr	r26
    16d6:	97 95       	ror	r25
    16d8:	87 95       	ror	r24
    16da:	77 95       	ror	r23
    16dc:	67 95       	ror	r22
    16de:	ba 95       	dec	r27
    16e0:	c9 f7       	brne	.-14     	; 0x16d4 <__ultoa_invert+0x86>
    16e2:	00 97       	sbiw	r24, 0x00	; 0
    16e4:	61 05       	cpc	r22, r1
    16e6:	71 05       	cpc	r23, r1
    16e8:	08 95       	ret
    16ea:	9b 01       	movw	r18, r22
    16ec:	ac 01       	movw	r20, r24
    16ee:	0a 2e       	mov	r0, r26
    16f0:	06 94       	lsr	r0
    16f2:	57 95       	ror	r21
    16f4:	47 95       	ror	r20
    16f6:	37 95       	ror	r19
    16f8:	27 95       	ror	r18
    16fa:	ba 95       	dec	r27
    16fc:	c9 f7       	brne	.-14     	; 0x16f0 <__ultoa_invert+0xa2>
    16fe:	62 0f       	add	r22, r18
    1700:	73 1f       	adc	r23, r19
    1702:	84 1f       	adc	r24, r20
    1704:	95 1f       	adc	r25, r21
    1706:	a0 1d       	adc	r26, r0
    1708:	08 95       	ret

0000170a <_exit>:
    170a:	f8 94       	cli

0000170c <__stop_program>:
    170c:	ff cf       	rjmp	.-2      	; 0x170c <__stop_program>
